﻿group,period_end,value
Alabama,8/31/20,8.4
Alaska,8/31/20,8.5
Arizona,8/31/20,9.7
Arkansas,8/31/20,7.7
California,8/31/20,9.2
Colorado,8/31/20,10.8
Connecticut,8/31/20,8.1
Delaware,8/31/20,7.7
District of Columbia,8/31/20,11.3
Florida,8/31/20,11
Georgia,8/31/20,10.2
Hawaii,8/31/20,6.6
Idaho,8/31/20,9.2
Illinois,8/31/20,8.8
Indiana,8/31/20,9.6
Iowa,8/31/20,7.2
Kansas,8/31/20,9.2
Kentucky,8/31/20,8.9
Louisiana,8/31/20,9.3
Maine,8/31/20,11.8
Maryland,8/31/20,10.1
Massachusetts,8/31/20,9.1
Michigan,8/31/20,10.2
Minnesota,8/31/20,8.1
Mississippi,8/31/20,8.4
Missouri,8/31/20,11.2
Montana,8/31/20,9.3
Nebraska,8/31/20,7.7
Nevada,8/31/20,9.9
New Hampshire,8/31/20,7.3
New Jersey,8/31/20,7.6
New Mexico,8/31/20,11.1
New York,8/31/20,9.4
North Carolina,8/31/20,9.5
North Dakota,8/31/20,5.7
Ohio,8/31/20,9.3
Oklahoma,8/31/20,9
Oregon,8/31/20,12.9
Pennsylvania,8/31/20,7.8
Rhode Island,8/31/20,7
South Carolina,8/31/20,9.3
South Dakota,8/31/20,6.3
Tennessee,8/31/20,8.9
Texas,8/31/20,7.4
Utah,8/31/20,11.5
Vermont,8/31/20,10.5
Virginia,8/31/20,7.6
Washington,8/31/20,11.2
West Virginia,8/31/20,6.6
Wisconsin,8/31/20,7.3
Wyoming,8/31/20,7.5
Alabama,9/14/20,9.9
Alaska,9/14/20,9.6
Arizona,9/14/20,12.3
Arkansas,9/14/20,12.1
California,9/14/20,9.2
Colorado,9/14/20,12.9
Connecticut,9/14/20,8.3
Delaware,9/14/20,9.9
District of Columbia,9/14/20,12.6
Florida,9/14/20,8.6
Georgia,9/14/20,12.3
Hawaii,9/14/20,9.2
Idaho,9/14/20,10
Illinois,9/14/20,10.7
Indiana,9/14/20,10.5
Iowa,9/14/20,9.4
Kansas,9/14/20,9.2
Kentucky,9/14/20,9.9
Louisiana,9/14/20,11
Maine,9/14/20,10.7
Maryland,9/14/20,9.3
Massachusetts,9/14/20,8.6
Michigan,9/14/20,9
Minnesota,9/14/20,8.1
Mississippi,9/14/20,10.4
Missouri,9/14/20,10.7
Montana,9/14/20,9.4
Nebraska,9/14/20,8.6
Nevada,9/14/20,9.7
New Hampshire,9/14/20,8.8
New Jersey,9/14/20,6.9
New Mexico,9/14/20,6.5
New York,9/14/20,9.5
North Carolina,9/14/20,11.5
North Dakota,9/14/20,7.9
Ohio,9/14/20,8.2
Oklahoma,9/14/20,9
Oregon,9/14/20,13.1
Pennsylvania,9/14/20,8.1
Rhode Island,9/14/20,8.9
South Carolina,9/14/20,8.1
South Dakota,9/14/20,6.5
Tennessee,9/14/20,9.8
Texas,9/14/20,10.9
Utah,9/14/20,11.3
Vermont,9/14/20,9.6
Virginia,9/14/20,8.5
Washington,9/14/20,11
West Virginia,9/14/20,7.5
Wisconsin,9/14/20,6.9
Wyoming,9/14/20,8.9
Alabama,9/28/20,14.5
Alaska,9/28/20,9.8
Arizona,9/28/20,9.4
Arkansas,9/28/20,9.7
California,9/28/20,13.1
Colorado,9/28/20,13.3
Connecticut,9/28/20,10.2
Delaware,9/28/20,9.3
District of Columbia,9/28/20,12.7
Florida,9/28/20,9.9
Georgia,9/28/20,10.6
Hawaii,9/28/20,6.6
Idaho,9/28/20,10.5
Illinois,9/28/20,9.2
Indiana,9/28/20,9.4
Iowa,9/28/20,8.8
Kansas,9/28/20,9.9
Kentucky,9/28/20,9.7
Louisiana,9/28/20,11.6
Maine,9/28/20,7.8
Maryland,9/28/20,9.2
Massachusetts,9/28/20,9.9
Michigan,9/28/20,8.4
Minnesota,9/28/20,11.2
Mississippi,9/28/20,9
Missouri,9/28/20,9.3
Montana,9/28/20,10.8
Nebraska,9/28/20,8.1
Nevada,9/28/20,11.1
New Hampshire,9/28/20,7.3
New Jersey,9/28/20,9.1
New Mexico,9/28/20,14
New York,9/28/20,11.3
North Carolina,9/28/20,9
North Dakota,9/28/20,6
Ohio,9/28/20,8.6
Oklahoma,9/28/20,7.5
Oregon,9/28/20,14
Pennsylvania,9/28/20,8.5
Rhode Island,9/28/20,7
South Carolina,9/28/20,9.8
South Dakota,9/28/20,6
Tennessee,9/28/20,10.4
Texas,9/28/20,10.5
Utah,9/28/20,15.1
Vermont,9/28/20,9.7
Virginia,9/28/20,9.9
Washington,9/28/20,11.8
West Virginia,9/28/20,13
Wisconsin,9/28/20,6.8
Wyoming,9/28/20,8
Alabama,10/12/20,9.8
Alaska,10/12/20,10.3
Arizona,10/12/20,11.4
Arkansas,10/12/20,9.5
California,10/12/20,10.5
Colorado,10/12/20,11.7
Connecticut,10/12/20,8.6
Delaware,10/12/20,9.2
District of Columbia,10/12/20,9.7
Florida,10/12/20,7.1
Georgia,10/12/20,10.1
Hawaii,10/12/20,8
Idaho,10/12/20,8.5
Illinois,10/12/20,9.6
Indiana,10/12/20,9.5
Iowa,10/12/20,8.3
Kansas,10/12/20,12.9
Kentucky,10/12/20,12.5
Louisiana,10/12/20,10
Maine,10/12/20,9.7
Maryland,10/12/20,10.8
Massachusetts,10/12/20,8.6
Michigan,10/12/20,12.8
Minnesota,10/12/20,8.4
Mississippi,10/12/20,8.8
Missouri,10/12/20,11.7
Montana,10/12/20,8.7
Nebraska,10/12/20,8.6
Nevada,10/12/20,10.7
New Hampshire,10/12/20,7.6
New Jersey,10/12/20,8
New Mexico,10/12/20,11
New York,10/12/20,8.4
North Carolina,10/12/20,10
North Dakota,10/12/20,6.9
Ohio,10/12/20,7.8
Oklahoma,10/12/20,10.7
Oregon,10/12/20,11.3
Pennsylvania,10/12/20,9.7
Rhode Island,10/12/20,7.9
South Carolina,10/12/20,9.1
South Dakota,10/12/20,6.2
Tennessee,10/12/20,10.8
Texas,10/12/20,9.3
Utah,10/12/20,12.2
Vermont,10/12/20,12.6
Virginia,10/12/20,10.6
Washington,10/12/20,11.6
West Virginia,10/12/20,11
Wisconsin,10/12/20,7.7
Wyoming,10/12/20,6.5
Alabama,10/26/20,7.7
Alaska,10/26/20,11.3
Arizona,10/26/20,10.5
Arkansas,10/26/20,10.5
California,10/26/20,12
Colorado,10/26/20,14.1
Connecticut,10/26/20,8.7
Delaware,10/26/20,12.4
District of Columbia,10/26/20,13.8
Florida,10/26/20,10.2
Georgia,10/26/20,12.5
Hawaii,10/26/20,7.3
Idaho,10/26/20,10
Illinois,10/26/20,8.7
Indiana,10/26/20,9.9
Iowa,10/26/20,9.5
Kansas,10/26/20,9.4
Kentucky,10/26/20,9.9
Louisiana,10/26/20,9.7
Maine,10/26/20,10.3
Maryland,10/26/20,9.9
Massachusetts,10/26/20,10.8
Michigan,10/26/20,12.8
Minnesota,10/26/20,8.1
Mississippi,10/26/20,13.1
Missouri,10/26/20,12.8
Montana,10/26/20,10.3
Nebraska,10/26/20,9.3
Nevada,10/26/20,12.9
New Hampshire,10/26/20,7.8
New Jersey,10/26/20,9
New Mexico,10/26/20,11.8
New York,10/26/20,9.3
North Carolina,10/26/20,11
North Dakota,10/26/20,5.7
Ohio,10/26/20,11.9
Oklahoma,10/26/20,12.1
Oregon,10/26/20,12.8
Pennsylvania,10/26/20,9.3
Rhode Island,10/26/20,12.2
South Carolina,10/26/20,8.8
South Dakota,10/26/20,4.9
Tennessee,10/26/20,9.9
Texas,10/26/20,9.9
Utah,10/26/20,10.3
Vermont,10/26/20,9.7
Virginia,10/26/20,10
Washington,10/26/20,11
West Virginia,10/26/20,8.1
Wisconsin,10/26/20,10.6
Wyoming,10/26/20,9.1
Alabama,11/9/20,7.8
Alaska,11/9/20,11.3
Arizona,11/9/20,10.8
Arkansas,11/9/20,12.1
California,11/9/20,14.1
Colorado,11/9/20,15.4
Connecticut,11/9/20,8.6
Delaware,11/9/20,14.3
District of Columbia,11/9/20,14.1
Florida,11/9/20,8.9
Georgia,11/9/20,11.7
Hawaii,11/9/20,6.7
Idaho,11/9/20,10.6
Illinois,11/9/20,10.1
Indiana,11/9/20,12.7
Iowa,11/9/20,12
Kansas,11/9/20,12.5
Kentucky,11/9/20,12.6
Louisiana,11/9/20,9.4
Maine,11/9/20,11.6
Maryland,11/9/20,9.8
Massachusetts,11/9/20,10.9
Michigan,11/9/20,9.1
Minnesota,11/9/20,11.1
Mississippi,11/9/20,11.8
Missouri,11/9/20,11.4
Montana,11/9/20,7.4
Nebraska,11/9/20,9.1
Nevada,11/9/20,11.8
New Hampshire,11/9/20,7.9
New Jersey,11/9/20,9.2
New Mexico,11/9/20,14.1
New York,11/9/20,6.8
North Carolina,11/9/20,10.4
North Dakota,11/9/20,8.8
Ohio,11/9/20,10
Oklahoma,11/9/20,16.9
Oregon,11/9/20,15.5
Pennsylvania,11/9/20,9.9
Rhode Island,11/9/20,10.2
South Carolina,11/9/20,13.7
South Dakota,11/9/20,9
Tennessee,11/9/20,9.9
Texas,11/9/20,13.7
Utah,11/9/20,15.4
Vermont,11/9/20,16
Virginia,11/9/20,10.9
Washington,11/9/20,12.6
West Virginia,11/9/20,8.9
Wisconsin,11/9/20,11
Wyoming,11/9/20,11.5
Alabama,11/23/20,13.7
Alaska,11/23/20,13.9
Arizona,11/23/20,12.1
Arkansas,11/23/20,11.7
California,11/23/20,13.4
Colorado,11/23/20,12.2
Connecticut,11/23/20,9.5
Delaware,11/23/20,11.3
District of Columbia,11/23/20,13.1
Florida,11/23/20,10.1
Georgia,11/23/20,11.7
Hawaii,11/23/20,6.5
Idaho,11/23/20,10.1
Illinois,11/23/20,12.9
Indiana,11/23/20,10.7
Iowa,11/23/20,9.6
Kansas,11/23/20,11.4
Kentucky,11/23/20,9.4
Louisiana,11/23/20,10.5
Maine,11/23/20,10.5
Maryland,11/23/20,11.5
Massachusetts,11/23/20,10.7
Michigan,11/23/20,11.8
Minnesota,11/23/20,9.5
Mississippi,11/23/20,10.7
Missouri,11/23/20,10.6
Montana,11/23/20,9.9
Nebraska,11/23/20,9.7
Nevada,11/23/20,11.5
New Hampshire,11/23/20,8.8
New Jersey,11/23/20,8.2
New Mexico,11/23/20,10.8
New York,11/23/20,7.9
North Carolina,11/23/20,13.7
North Dakota,11/23/20,10
Ohio,11/23/20,9.6
Oklahoma,11/23/20,11.9
Oregon,11/23/20,15.3
Pennsylvania,11/23/20,9.4
Rhode Island,11/23/20,11
South Carolina,11/23/20,14.9
South Dakota,11/23/20,12.9
Tennessee,11/23/20,11.5
Texas,11/23/20,11
Utah,11/23/20,15.5
Vermont,11/23/20,7.4
Virginia,11/23/20,9.4
Washington,11/23/20,11.7
West Virginia,11/23/20,12.5
Wisconsin,11/23/20,8
Wyoming,11/23/20,9
Alabama,12/7/20,10.3
Alaska,12/7/20,11.5
Arizona,12/7/20,11.6
Arkansas,12/7/20,11.8
California,12/7/20,14.3
Colorado,12/7/20,12.5
Connecticut,12/7/20,11.2
Delaware,12/7/20,15.3
District of Columbia,12/7/20,18.5
Florida,12/7/20,10.9
Georgia,12/7/20,16.1
Hawaii,12/7/20,7
Idaho,12/7/20,12.5
Illinois,12/7/20,10.7
Indiana,12/7/20,12.5
Iowa,12/7/20,8.5
Kansas,12/7/20,11.4
Kentucky,12/7/20,12.6
Louisiana,12/7/20,12.4
Maine,12/7/20,11.6
Maryland,12/7/20,11.2
Massachusetts,12/7/20,11.5
Michigan,12/7/20,9.8
Minnesota,12/7/20,10.4
Mississippi,12/7/20,13.5
Missouri,12/7/20,12.6
Montana,12/7/20,11.7
Nebraska,12/7/20,8.3
Nevada,12/7/20,12.3
New Hampshire,12/7/20,8.9
New Jersey,12/7/20,8.8
New Mexico,12/7/20,10
New York,12/7/20,9.4
North Carolina,12/7/20,15
North Dakota,12/7/20,4.1
Ohio,12/7/20,15.2
Oklahoma,12/7/20,16.5
Oregon,12/7/20,12.9
Pennsylvania,12/7/20,11.5
Rhode Island,12/7/20,9
South Carolina,12/7/20,10
South Dakota,12/7/20,7.5
Tennessee,12/7/20,13.9
Texas,12/7/20,10.7
Utah,12/7/20,17.9
Vermont,12/7/20,12.8
Virginia,12/7/20,10.2
Washington,12/7/20,13.4
West Virginia,12/7/20,12.9
Wisconsin,12/7/20,8.8
Wyoming,12/7/20,12.4
Alabama,12/21/20,13.1
Alaska,12/21/20,12.8
Arizona,12/21/20,14.1
Arkansas,12/21/20,10.5
California,12/21/20,14.7
Colorado,12/21/20,15.8
Connecticut,12/21/20,13.3
Delaware,12/21/20,13.5
District of Columbia,12/21/20,16.3
Florida,12/21/20,12.8
Georgia,12/21/20,9.7
Hawaii,12/21/20,6.1
Idaho,12/21/20,14.2
Illinois,12/21/20,10.4
Indiana,12/21/20,10.3
Iowa,12/21/20,12
Kansas,12/21/20,12.7
Kentucky,12/21/20,13
Louisiana,12/21/20,11.4
Maine,12/21/20,11.3
Maryland,12/21/20,11.1
Massachusetts,12/21/20,10.9
Michigan,12/21/20,13.9
Minnesota,12/21/20,12.1
Mississippi,12/21/20,11.7
Missouri,12/21/20,11.3
Montana,12/21/20,12.7
Nebraska,12/21/20,10.6
Nevada,12/21/20,14.5
New Hampshire,12/21/20,8
New Jersey,12/21/20,8.4
New Mexico,12/21/20,13.6
New York,12/21/20,9.1
North Carolina,12/21/20,13.3
North Dakota,12/21/20,9.3
Ohio,12/21/20,15.1
Oklahoma,12/21/20,13.3
Oregon,12/21/20,16.5
Pennsylvania,12/21/20,9.3
Rhode Island,12/21/20,6.4
South Carolina,12/21/20,11.8
South Dakota,12/21/20,8.3
Tennessee,12/21/20,13.3
Texas,12/21/20,13.9
Utah,12/21/20,15.4
Vermont,12/21/20,9
Virginia,12/21/20,13.1
Washington,12/21/20,13
West Virginia,12/21/20,14.7
Wisconsin,12/21/20,9.1
Wyoming,12/21/20,8.6
Alabama,1/18/21,12.9
Alaska,1/18/21,13.1
Arizona,1/18/21,11.4
Arkansas,1/18/21,9.3
California,1/18/21,10.8
Colorado,1/18/21,15.1
Connecticut,1/18/21,9.6
Delaware,1/18/21,9
District of Columbia,1/18/21,12.5
Florida,1/18/21,10.6
Georgia,1/18/21,17.3
Hawaii,1/18/21,7.4
Idaho,1/18/21,11.6
Illinois,1/18/21,11
Indiana,1/18/21,10.1
Iowa,1/18/21,12
Kansas,1/18/21,11.8
Kentucky,1/18/21,13.1
Louisiana,1/18/21,11.1
Maine,1/18/21,7.9
Maryland,1/18/21,10.8
Massachusetts,1/18/21,10.7
Michigan,1/18/21,12.3
Minnesota,1/18/21,10
Mississippi,1/18/21,15.4
Missouri,1/18/21,16.4
Montana,1/18/21,12.4
Nebraska,1/18/21,12.1
Nevada,1/18/21,12.3
New Hampshire,1/18/21,10.2
New Jersey,1/18/21,10.7
New Mexico,1/18/21,8.2
New York,1/18/21,8.8
North Carolina,1/18/21,12.1
North Dakota,1/18/21,14
Ohio,1/18/21,12.5
Oklahoma,1/18/21,9.6
Oregon,1/18/21,13.1
Pennsylvania,1/18/21,10.7
Rhode Island,1/18/21,10.6
South Carolina,1/18/21,9.9
South Dakota,1/18/21,7.3
Tennessee,1/18/21,11
Texas,1/18/21,11.4
Utah,1/18/21,14.6
Vermont,1/18/21,8.6
Virginia,1/18/21,10.1
Washington,1/18/21,12.3
West Virginia,1/18/21,12.9
Wisconsin,1/18/21,10.2
Wyoming,1/18/21,10.5
Alabama,2/1/21,11.2
Alaska,2/1/21,12.5
Arizona,2/1/21,12.6
Arkansas,2/1/21,12.1
California,2/1/21,12
Colorado,2/1/21,11.5
Connecticut,2/1/21,9.9
Delaware,2/1/21,8.2
District of Columbia,2/1/21,13.1
Florida,2/1/21,11.1
Georgia,2/1/21,15.1
Hawaii,2/1/21,8.1
Idaho,2/1/21,11.6
Illinois,2/1/21,12.7
Indiana,2/1/21,12
Iowa,2/1/21,9.9
Kansas,2/1/21,10
Kentucky,2/1/21,11.2
Louisiana,2/1/21,10.1
Maine,2/1/21,6.4
Maryland,2/1/21,13.5
Massachusetts,2/1/21,10.8
Michigan,2/1/21,14
Minnesota,2/1/21,8
Mississippi,2/1/21,10.9
Missouri,2/1/21,12.8
Montana,2/1/21,9.3
Nebraska,2/1/21,9.9
Nevada,2/1/21,13.1
New Hampshire,2/1/21,7.2
New Jersey,2/1/21,9.5
New Mexico,2/1/21,11.5
New York,2/1/21,9
North Carolina,2/1/21,12
North Dakota,2/1/21,9.7
Ohio,2/1/21,9.4
Oklahoma,2/1/21,14.1
Oregon,2/1/21,14.8
Pennsylvania,2/1/21,11.2
Rhode Island,2/1/21,12.2
South Carolina,2/1/21,10
South Dakota,2/1/21,5.9
Tennessee,2/1/21,12.2
Texas,2/1/21,13.1
Utah,2/1/21,13
Vermont,2/1/21,9
Virginia,2/1/21,11.2
Washington,2/1/21,16.1
West Virginia,2/1/21,11.4
Wisconsin,2/1/21,11.2
Wyoming,2/1/21,9.2
Alabama,2/15/21,10.8
Alaska,2/15/21,10.5
Arizona,2/15/21,11.2
Arkansas,2/15/21,10.6
California,2/15/21,11.9
Colorado,2/15/21,14.1
Connecticut,2/15/21,10.4
Delaware,2/15/21,9.1
District of Columbia,2/15/21,14.3
Florida,2/15/21,10.2
Georgia,2/15/21,11.5
Hawaii,2/15/21,7.7
Idaho,2/15/21,15.1
Illinois,2/15/21,11.3
Indiana,2/15/21,10.4
Iowa,2/15/21,8.4
Kansas,2/15/21,10.7
Kentucky,2/15/21,11.6
Louisiana,2/15/21,8.9
Maine,2/15/21,8.9
Maryland,2/15/21,9.3
Massachusetts,2/15/21,9.3
Michigan,2/15/21,12.2
Minnesota,2/15/21,11.5
Mississippi,2/15/21,9.8
Missouri,2/15/21,12.6
Montana,2/15/21,9.4
Nebraska,2/15/21,11.6
Nevada,2/15/21,13.8
New Hampshire,2/15/21,8.1
New Jersey,2/15/21,11.6
New Mexico,2/15/21,12.3
New York,2/15/21,9.9
North Carolina,2/15/21,10.3
North Dakota,2/15/21,9.6
Ohio,2/15/21,10
Oklahoma,2/15/21,13
Oregon,2/15/21,16.7
Pennsylvania,2/15/21,8.5
Rhode Island,2/15/21,8.9
South Carolina,2/15/21,14.5
South Dakota,2/15/21,13.2
Tennessee,2/15/21,12.8
Texas,2/15/21,13.2
Utah,2/15/21,14.6
Vermont,2/15/21,11.2
Virginia,2/15/21,12.2
Washington,2/15/21,15.6
West Virginia,2/15/21,10.3
Wisconsin,2/15/21,11.9
Wyoming,2/15/21,7
Alabama,3/1/21,9.4
Alaska,3/1/21,11.2
Arizona,3/1/21,10.7
Arkansas,3/1/21,11.5
California,3/1/21,12.7
Colorado,3/1/21,13.8
Connecticut,3/1/21,10.9
Delaware,3/1/21,9
District of Columbia,3/1/21,12.4
Florida,3/1/21,10.9
Georgia,3/1/21,16.7
Hawaii,3/1/21,5.8
Idaho,3/1/21,12.4
Illinois,3/1/21,13
Indiana,3/1/21,13.6
Iowa,3/1/21,11.1
Kansas,3/1/21,10.2
Kentucky,3/1/21,11.4
Louisiana,3/1/21,12.9
Maine,3/1/21,14.5
Maryland,3/1/21,10.6
Massachusetts,3/1/21,12.1
Michigan,3/1/21,12.7
Minnesota,3/1/21,10.2
Mississippi,3/1/21,13.3
Missouri,3/1/21,15.1
Montana,3/1/21,10.2
Nebraska,3/1/21,10.7
Nevada,3/1/21,11.3
New Hampshire,3/1/21,10.7
New Jersey,3/1/21,9.6
New Mexico,3/1/21,10.6
New York,3/1/21,10.4
North Carolina,3/1/21,11.9
North Dakota,3/1/21,8.7
Ohio,3/1/21,12.1
Oklahoma,3/1/21,9.8
Oregon,3/1/21,17.8
Pennsylvania,3/1/21,9.2
Rhode Island,3/1/21,11.3
South Carolina,3/1/21,11.4
South Dakota,3/1/21,5.9
Tennessee,3/1/21,10.9
Texas,3/1/21,12.5
Utah,3/1/21,14.3
Vermont,3/1/21,7.5
Virginia,3/1/21,9.6
Washington,3/1/21,12.6
West Virginia,3/1/21,13
Wisconsin,3/1/21,10.8
Wyoming,3/1/21,16.2
Alabama,3/15/21,12.5
Alaska,3/15/21,10.7
Arizona,3/15/21,14.7
Arkansas,3/15/21,13.3
California,3/15/21,12.4
Colorado,3/15/21,16.9
Connecticut,3/15/21,9.1
Delaware,3/15/21,8.8
District of Columbia,3/15/21,20.1
Florida,3/15/21,10.7
Georgia,3/15/21,9.2
Hawaii,3/15/21,8.5
Idaho,3/15/21,11.7
Illinois,3/15/21,10.2
Indiana,3/15/21,13.4
Iowa,3/15/21,11.4
Kansas,3/15/21,12.7
Kentucky,3/15/21,12.9
Louisiana,3/15/21,11.6
Maine,3/15/21,9.4
Maryland,3/15/21,10.6
Massachusetts,3/15/21,10.3
Michigan,3/15/21,11.1
Minnesota,3/15/21,11
Mississippi,3/15/21,9.2
Missouri,3/15/21,14.1
Montana,3/15/21,11
Nebraska,3/15/21,10.6
Nevada,3/15/21,12.2
New Hampshire,3/15/21,8.6
New Jersey,3/15/21,9.5
New Mexico,3/15/21,12.5
New York,3/15/21,10.9
North Carolina,3/15/21,10.4
North Dakota,3/15/21,7.3
Ohio,3/15/21,14
Oklahoma,3/15/21,12.4
Oregon,3/15/21,16.4
Pennsylvania,3/15/21,10.7
Rhode Island,3/15/21,13.9
South Carolina,3/15/21,9.3
South Dakota,3/15/21,6.2
Tennessee,3/15/21,13.8
Texas,3/15/21,11.4
Utah,3/15/21,12.8
Vermont,3/15/21,10.8
Virginia,3/15/21,11.1
Washington,3/15/21,15.9
West Virginia,3/15/21,14.6
Wisconsin,3/15/21,9
Wyoming,3/15/21,11.4
Alabama,3/29/21,12.3
Alaska,3/29/21,9.8
Arizona,3/29/21,13
Arkansas,3/29/21,11.5
California,3/29/21,11.6
Colorado,3/29/21,11.7
Connecticut,3/29/21,9.5
Delaware,3/29/21,8.8
District of Columbia,3/29/21,12.5
Florida,3/29/21,11.3
Georgia,3/29/21,14.3
Hawaii,3/29/21,6.2
Idaho,3/29/21,9.8
Illinois,3/29/21,11.3
Indiana,3/29/21,9.2
Iowa,3/29/21,10.8
Kansas,3/29/21,12.6
Kentucky,3/29/21,8.3
Louisiana,3/29/21,9.8
Maine,3/29/21,11.2
Maryland,3/29/21,10.9
Massachusetts,3/29/21,8.9
Michigan,3/29/21,9.1
Minnesota,3/29/21,10.2
Mississippi,3/29/21,9.8
Missouri,3/29/21,8.7
Montana,3/29/21,10.4
Nebraska,3/29/21,9
Nevada,3/29/21,11.7
New Hampshire,3/29/21,12.3
New Jersey,3/29/21,8.3
New Mexico,3/29/21,12.7
New York,3/29/21,12.6
North Carolina,3/29/21,13.4
North Dakota,3/29/21,7.8
Ohio,3/29/21,9.4
Oklahoma,3/29/21,11.7
Oregon,3/29/21,12.2
Pennsylvania,3/29/21,9.1
Rhode Island,3/29/21,9.5
South Carolina,3/29/21,10.6
South Dakota,3/29/21,6.2
Tennessee,3/29/21,10.7
Texas,3/29/21,12.2
Utah,3/29/21,12.7
Vermont,3/29/21,10
Virginia,3/29/21,11.8
Washington,3/29/21,12.6
West Virginia,3/29/21,14.2
Wisconsin,3/29/21,10
Wyoming,3/29/21,9.8
Alabama,4/26/21,8.7
Alaska,4/26/21,9.5
Arizona,4/26/21,11.6
Arkansas,4/26/21,7.9
California,4/26/21,10.7
Colorado,4/26/21,13.2
Connecticut,4/26/21,11.2
Delaware,4/26/21,5.5
District of Columbia,4/26/21,10.4
Florida,4/26/21,9.9
Georgia,4/26/21,8.5
Hawaii,4/26/21,7.4
Idaho,4/26/21,12.2
Illinois,4/26/21,9.7
Indiana,4/26/21,8.1
Iowa,4/26/21,6.7
Kansas,4/26/21,11
Kentucky,4/26/21,10.9
Louisiana,4/26/21,13.1
Maine,4/26/21,6.9
Maryland,4/26/21,10.5
Massachusetts,4/26/21,9.2
Michigan,4/26/21,10.2
Minnesota,4/26/21,8
Mississippi,4/26/21,9.2
Missouri,4/26/21,10
Montana,4/26/21,10.9
Nebraska,4/26/21,7.8
Nevada,4/26/21,9.8
New Hampshire,4/26/21,9.1
New Jersey,4/26/21,7.3
New Mexico,4/26/21,8.4
New York,4/26/21,11.8
North Carolina,4/26/21,10
North Dakota,4/26/21,8
Ohio,4/26/21,8.1
Oklahoma,4/26/21,9.1
Oregon,4/26/21,11.6
Pennsylvania,4/26/21,8.8
Rhode Island,4/26/21,9.3
South Carolina,4/26/21,8.4
South Dakota,4/26/21,12.8
Tennessee,4/26/21,9.9
Texas,4/26/21,10
Utah,4/26/21,10.8
Vermont,4/26/21,14.7
Virginia,4/26/21,8.6
Washington,4/26/21,11.7
West Virginia,4/26/21,13.3
Wisconsin,4/26/21,7.9
Wyoming,4/26/21,6.9
Alabama,5/10/21,12
Alaska,5/10/21,11.6
Arizona,5/10/21,8.7
Arkansas,5/10/21,13.9
California,5/10/21,9.5
Colorado,5/10/21,15.2
Connecticut,5/10/21,6.7
Delaware,5/10/21,4.6
District of Columbia,5/10/21,14.5
Florida,5/10/21,11.4
Georgia,5/10/21,12.1
Hawaii,5/10/21,6.1
Idaho,5/10/21,8.8
Illinois,5/10/21,8.8
Indiana,5/10/21,9.6
Iowa,5/10/21,6.5
Kansas,5/10/21,11.5
Kentucky,5/10/21,9.8
Louisiana,5/10/21,11.4
Maine,5/10/21,7.1
Maryland,5/10/21,9.8
Massachusetts,5/10/21,8.6
Michigan,5/10/21,10.6
Minnesota,5/10/21,7.5
Mississippi,5/10/21,6.2
Missouri,5/10/21,13.2
Montana,5/10/21,9.6
Nebraska,5/10/21,10.2
Nevada,5/10/21,6.9
New Hampshire,5/10/21,9.7
New Jersey,5/10/21,6
New Mexico,5/10/21,12.3
New York,5/10/21,7.9
North Carolina,5/10/21,7.3
North Dakota,5/10/21,9.2
Ohio,5/10/21,8.4
Oklahoma,5/10/21,12.4
Oregon,5/10/21,10.8
Pennsylvania,5/10/21,9
Rhode Island,5/10/21,8.5
South Carolina,5/10/21,9.4
South Dakota,5/10/21,6.3
Tennessee,5/10/21,11
Texas,5/10/21,9.6
Utah,5/10/21,12.1
Vermont,5/10/21,14.7
Virginia,5/10/21,11.6
Washington,5/10/21,12.7
West Virginia,5/10/21,7.7
Wisconsin,5/10/21,8.2
Wyoming,5/10/21,10.3
Alabama,5/24/21,9.8
Alaska,5/24/21,9.5
Arizona,5/24/21,11
Arkansas,5/24/21,7.9
California,5/24/21,12.4
Colorado,5/24/21,10.6
Connecticut,5/24/21,9.4
Delaware,5/24/21,7.5
District of Columbia,5/24/21,10.2
Florida,5/24/21,8.6
Georgia,5/24/21,9.2
Hawaii,5/24/21,3.3
Idaho,5/24/21,10.4
Illinois,5/24/21,8.7
Indiana,5/24/21,9.2
Iowa,5/24/21,8.1
Kansas,5/24/21,10.4
Kentucky,5/24/21,10.1
Louisiana,5/24/21,9.5
Maine,5/24/21,9.3
Maryland,5/24/21,8.8
Massachusetts,5/24/21,8.9
Michigan,5/24/21,8.7
Minnesota,5/24/21,10.8
Mississippi,5/24/21,9.9
Missouri,5/24/21,8.7
Montana,5/24/21,7.5
Nebraska,5/24/21,8.8
Nevada,5/24/21,8.4
New Hampshire,5/24/21,8.5
New Jersey,5/24/21,7.5
New Mexico,5/24/21,10.8
New York,5/24/21,9.8
North Carolina,5/24/21,8.6
North Dakota,5/24/21,5.8
Ohio,5/24/21,11.4
Oklahoma,5/24/21,11.7
Oregon,5/24/21,13.7
Pennsylvania,5/24/21,10.4
Rhode Island,5/24/21,7.6
South Carolina,5/24/21,7.9
South Dakota,5/24/21,5.4
Tennessee,5/24/21,11.2
Texas,5/24/21,12.4
Utah,5/24/21,11.4
Vermont,5/24/21,10
Virginia,5/24/21,10.4
Washington,5/24/21,10.3
West Virginia,5/24/21,8.7
Wisconsin,5/24/21,8.7
Wyoming,5/24/21,7.7
Alabama,6/7/21,13.5
Alaska,6/7/21,9
Arizona,6/7/21,8.3
Arkansas,6/7/21,7.9
California,6/7/21,10.5
Colorado,6/7/21,12.1
Connecticut,6/7/21,6.6
Delaware,6/7/21,9
District of Columbia,6/7/21,12.9
Florida,6/7/21,10.4
Georgia,6/7/21,7.9
Hawaii,6/7/21,7.1
Idaho,6/7/21,9.4
Illinois,6/7/21,12.3
Indiana,6/7/21,9.7
Iowa,6/7/21,9.9
Kansas,6/7/21,9.8
Kentucky,6/7/21,8.7
Louisiana,6/7/21,8.3
Maine,6/7/21,12.4
Maryland,6/7/21,7.6
Massachusetts,6/7/21,7.9
Michigan,6/7/21,7.3
Minnesota,6/7/21,11.6
Mississippi,6/7/21,9.4
Missouri,6/7/21,10
Montana,6/7/21,7
Nebraska,6/7/21,8
Nevada,6/7/21,12.2
New Hampshire,6/7/21,10.8
New Jersey,6/7/21,9.9
New Mexico,6/7/21,9
New York,6/7/21,8.5
North Carolina,6/7/21,8.8
North Dakota,6/7/21,9.7
Ohio,6/7/21,8.3
Oklahoma,6/7/21,9.5
Oregon,6/7/21,15
Pennsylvania,6/7/21,8.5
Rhode Island,6/7/21,4.4
South Carolina,6/7/21,11.6
South Dakota,6/7/21,8
Tennessee,6/7/21,7.6
Texas,6/7/21,12.1
Utah,6/7/21,12.7
Vermont,6/7/21,
Virginia,6/7/21,8
Washington,6/7/21,12.3
West Virginia,6/7/21,8.5
Wisconsin,6/7/21,7.8
Wyoming,6/7/21,
Alabama,6/21/21,12.8
Alaska,6/21/21,8.9
Arizona,6/21/21,9
Arkansas,6/21/21,10.6
California,6/21/21,10.4
Colorado,6/21/21,10
Connecticut,6/21/21,7
Delaware,6/21/21,7.7
District of Columbia,6/21/21,8.7
Florida,6/21/21,10.6
Georgia,6/21/21,11
Hawaii,6/21/21,5.5
Idaho,6/21/21,13
Illinois,6/21/21,7.6
Indiana,6/21/21,9.2
Iowa,6/21/21,11.1
Kansas,6/21/21,10.4
Kentucky,6/21/21,12.7
Louisiana,6/21/21,11.6
Maine,6/21/21,9.8
Maryland,6/21/21,8.7
Massachusetts,6/21/21,9.7
Michigan,6/21/21,8.3
Minnesota,6/21/21,8.1
Mississippi,6/21/21,12.2
Missouri,6/21/21,10.7
Montana,6/21/21,12.4
Nebraska,6/21/21,9.7
Nevada,6/21/21,13.7
New Hampshire,6/21/21,11.2
New Jersey,6/21/21,8.4
New Mexico,6/21/21,10
New York,6/21/21,6.6
North Carolina,6/21/21,11.3
North Dakota,6/21/21,10.3
Ohio,6/21/21,9.2
Oklahoma,6/21/21,15.9
Oregon,6/21/21,12.2
Pennsylvania,6/21/21,8.6
Rhode Island,6/21/21,9.1
South Carolina,6/21/21,10.3
South Dakota,6/21/21,9.2
Tennessee,6/21/21,8.5
Texas,6/21/21,10.2
Utah,6/21/21,12.6
Vermont,6/21/21,
Virginia,6/21/21,8.6
Washington,6/21/21,11.7
West Virginia,6/21/21,13
Wisconsin,6/21/21,6.8
Wyoming,6/21/21,9.2
Alabama,7/5/21,10
Alaska,7/5/21,10.4
Arizona,7/5/21,14.9
Arkansas,7/5/21,10.3
California,7/5/21,9.4
Colorado,7/5/21,12.4
Connecticut,7/5/21,6.4
Delaware,7/5/21,9
District of Columbia,7/5/21,11.8
Florida,7/5/21,8.2
Georgia,7/5/21,13.1
Hawaii,7/5/21,
Idaho,7/5/21,10.7
Illinois,7/5/21,8.2
Indiana,7/5/21,9
Iowa,7/5/21,7.6
Kansas,7/5/21,8.7
Kentucky,7/5/21,9
Louisiana,7/5/21,9.1
Maine,7/5/21,10.5
Maryland,7/5/21,11.6
Massachusetts,7/5/21,10.3
Michigan,7/5/21,11.9
Minnesota,7/5/21,7.3
Mississippi,7/5/21,6.8
Missouri,7/5/21,13.2
Montana,7/5/21,9.9
Nebraska,7/5/21,8
Nevada,7/5/21,9.6
New Hampshire,7/5/21,7.6
New Jersey,7/5/21,6.7
New Mexico,7/5/21,13.8
New York,7/5/21,10.8
North Carolina,7/5/21,10.3
North Dakota,7/5/21,7.2
Ohio,7/5/21,9.2
Oklahoma,7/5/21,15.7
Oregon,7/5/21,15.5
Pennsylvania,7/5/21,9.9
Rhode Island,7/5/21,10.1
South Carolina,7/5/21,9.9
South Dakota,7/5/21,10.7
Tennessee,7/5/21,10.7
Texas,7/5/21,13
Utah,7/5/21,11.5
Vermont,7/5/21,6.4
Virginia,7/5/21,9.5
Washington,7/5/21,11.4
West Virginia,7/5/21,5.9
Wisconsin,7/5/21,8.6
Wyoming,7/5/21,10.1
Alabama,8/2/21,15.1
Alaska,8/2/21,15.5
Arizona,8/2/21,10
Arkansas,8/2/21,12
California,8/2/21,11.7
Colorado,8/2/21,12.2
Connecticut,8/2/21,5.7
Delaware,8/2/21,9.5
District of Columbia,8/2/21,10
Florida,8/2/21,9.9
Georgia,8/2/21,15.7
Hawaii,8/2/21,10
Idaho,8/2/21,8.6
Illinois,8/2/21,12
Indiana,8/2/21,11.8
Iowa,8/2/21,12.7
Kansas,8/2/21,9.9
Kentucky,8/2/21,8.8
Louisiana,8/2/21,16.2
Maine,8/2/21,10.8
Maryland,8/2/21,9.9
Massachusetts,8/2/21,9.7
Michigan,8/2/21,9
Minnesota,8/2/21,12.6
Mississippi,8/2/21,12.4
Missouri,8/2/21,11.5
Montana,8/2/21,11.8
Nebraska,8/2/21,7.9
Nevada,8/2/21,11.6
New Hampshire,8/2/21,10.9
New Jersey,8/2/21,11
New Mexico,8/2/21,10.9
New York,8/2/21,8.9
North Carolina,8/2/21,11.9
North Dakota,8/2/21,10.3
Ohio,8/2/21,12.3
Oklahoma,8/2/21,14.7
Oregon,8/2/21,13.2
Pennsylvania,8/2/21,11.5
Rhode Island,8/2/21,8.7
South Carolina,8/2/21,8.2
South Dakota,8/2/21,8.1
Tennessee,8/2/21,10.4
Texas,8/2/21,12.7
Utah,8/2/21,15.8
Vermont,8/2/21,11.3
Virginia,8/2/21,9.6
Washington,8/2/21,14.5
West Virginia,8/2/21,9.3
Wisconsin,8/2/21,11.4
Wyoming,8/2/21,13.1
Alabama,8/16/21,12.5
Alaska,8/16/21,12.5
Arizona,8/16/21,13.1
Arkansas,8/16/21,10.4
California,8/16/21,10.8
Colorado,8/16/21,14.1
Connecticut,8/16/21,8.2
Delaware,8/16/21,8.4
District of Columbia,8/16/21,15.2
Florida,8/16/21,9.7
Georgia,8/16/21,13.4
Hawaii,8/16/21,8.1
Idaho,8/16/21,10
Illinois,8/16/21,9.8
Indiana,8/16/21,12
Iowa,8/16/21,9
Kansas,8/16/21,11.8
Kentucky,8/16/21,13.3
Louisiana,8/16/21,10.1
Maine,8/16/21,8.5
Maryland,8/16/21,7.9
Massachusetts,8/16/21,10.5
Michigan,8/16/21,11.6
Minnesota,8/16/21,11.2
Mississippi,8/16/21,8.7
Missouri,8/16/21,10.7
Montana,8/16/21,9.6
Nebraska,8/16/21,11.4
Nevada,8/16/21,9.7
New Hampshire,8/16/21,11.6
New Jersey,8/16/21,6.9
New Mexico,8/16/21,12.5
New York,8/16/21,7.9
North Carolina,8/16/21,9.4
North Dakota,8/16/21,6.6
Ohio,8/16/21,9.8
Oklahoma,8/16/21,11.5
Oregon,8/16/21,15.1
Pennsylvania,8/16/21,9.1
Rhode Island,8/16/21,7.3
South Carolina,8/16/21,10.9
South Dakota,8/16/21,8.2
Tennessee,8/16/21,10.8
Texas,8/16/21,11.3
Utah,8/16/21,13.7
Vermont,8/16/21,9.6
Virginia,8/16/21,10.3
Washington,8/16/21,12.9
West Virginia,8/16/21,10.1
Wisconsin,8/16/21,8.8
Wyoming,8/16/21,12.3
Alabama,8/30/21,12.7
Alaska,8/30/21,12.2
Arizona,8/30/21,11.6
Arkansas,8/30/21,12.3
California,8/30/21,9.2
Colorado,8/30/21,15.1
Connecticut,8/30/21,10.6
Delaware,8/30/21,11.8
District of Columbia,8/30/21,15.2
Florida,8/30/21,10.4
Georgia,8/30/21,11
Hawaii,8/30/21,7
Idaho,8/30/21,11.2
Illinois,8/30/21,9.6
Indiana,8/30/21,12.2
Iowa,8/30/21,9.5
Kansas,8/30/21,10.3
Kentucky,8/30/21,10.9
Louisiana,8/30/21,12.7
Maine,8/30/21,13
Maryland,8/30/21,10.7
Massachusetts,8/30/21,11.3
Michigan,8/30/21,13
Minnesota,8/30/21,11.9
Mississippi,8/30/21,10.7
Missouri,8/30/21,11.8
Montana,8/30/21,11
Nebraska,8/30/21,8.8
Nevada,8/30/21,13.4
New Hampshire,8/30/21,9.6
New Jersey,8/30/21,10.6
New Mexico,8/30/21,10.1
New York,8/30/21,9.8
North Carolina,8/30/21,13.3
North Dakota,8/30/21,7.9
Ohio,8/30/21,15.1
Oklahoma,8/30/21,10.4
Oregon,8/30/21,14.7
Pennsylvania,8/30/21,9.9
Rhode Island,8/30/21,9.4
South Carolina,8/30/21,14.6
South Dakota,8/30/21,9.8
Tennessee,8/30/21,11.5
Texas,8/30/21,11.9
Utah,8/30/21,13.2
Vermont,8/30/21,9.2
Virginia,8/30/21,9.1
Washington,8/30/21,12.7
West Virginia,8/30/21,11.8
Wisconsin,8/30/21,10.7
Wyoming,8/30/21,7.2
Alabama,9/13/21,13.6
Alaska,9/13/21,10.6
Arizona,9/13/21,12
Arkansas,9/13/21,10.2
California,9/13/21,10.8
Colorado,9/13/21,11.7
Connecticut,9/13/21,10.1
Delaware,9/13/21,7.5
District of Columbia,9/13/21,14.2
Florida,9/13/21,11.2
Georgia,9/13/21,10.3
Hawaii,9/13/21,8.4
Idaho,9/13/21,12.7
Illinois,9/13/21,11.6
Indiana,9/13/21,11.4
Iowa,9/13/21,8.4
Kansas,9/13/21,14.3
Kentucky,9/13/21,10.6
Louisiana,9/13/21,12.2
Maine,9/13/21,11.6
Maryland,9/13/21,9.8
Massachusetts,9/13/21,9.9
Michigan,9/13/21,12.5
Minnesota,9/13/21,9.5
Mississippi,9/13/21,10
Missouri,9/13/21,12.4
Montana,9/13/21,9.7
Nebraska,9/13/21,8.9
Nevada,9/13/21,12.3
New Hampshire,9/13/21,12.8
New Jersey,9/13/21,8.9
New Mexico,9/13/21,13.9
New York,9/13/21,10.3
North Carolina,9/13/21,11.3
North Dakota,9/13/21,
Ohio,9/13/21,12.5
Oklahoma,9/13/21,12.9
Oregon,9/13/21,15.8
Pennsylvania,9/13/21,8.7
Rhode Island,9/13/21,11.8
South Carolina,9/13/21,10.6
South Dakota,9/13/21,6.7
Tennessee,9/13/21,11.8
Texas,9/13/21,14.6
Utah,9/13/21,17.7
Vermont,9/13/21,
Virginia,9/13/21,10.7
Washington,9/13/21,11.9
West Virginia,9/13/21,7.8
Wisconsin,9/13/21,7.2
Wyoming,9/13/21,
Alabama,9/27/21,11.1
Alaska,9/27/21,16.3
Arizona,9/27/21,10.5
Arkansas,9/27/21,12.5
California,9/27/21,12.2
Colorado,9/27/21,13.7
Connecticut,9/27/21,10
Delaware,9/27/21,11.1
District of Columbia,9/27/21,14.7
Florida,9/27/21,8.8
Georgia,9/27/21,13.3
Hawaii,9/27/21,7.4
Idaho,9/27/21,12.6
Illinois,9/27/21,12.4
Indiana,9/27/21,11.9
Iowa,9/27/21,8.5
Kansas,9/27/21,15.3
Kentucky,9/27/21,9.1
Louisiana,9/27/21,14.1
Maine,9/27/21,9
Maryland,9/27/21,10.9
Massachusetts,9/27/21,10.9
Michigan,9/27/21,11.4
Minnesota,9/27/21,9.4
Mississippi,9/27/21,10.4
Missouri,9/27/21,18.4
Montana,9/27/21,7.4
Nebraska,9/27/21,10.3
Nevada,9/27/21,11.3
New Hampshire,9/27/21,8.1
New Jersey,9/27/21,11.9
New Mexico,9/27/21,15.7
New York,9/27/21,12.3
North Carolina,9/27/21,10.6
North Dakota,9/27/21,9.5
Ohio,9/27/21,9.1
Oklahoma,9/27/21,12.7
Oregon,9/27/21,13.7
Pennsylvania,9/27/21,7.9
Rhode Island,9/27/21,7.6
South Carolina,9/27/21,10.6
South Dakota,9/27/21,8
Tennessee,9/27/21,10.4
Texas,9/27/21,14.2
Utah,9/27/21,16.5
Vermont,9/27/21,5.9
Virginia,9/27/21,10.1
Washington,9/27/21,13.5
West Virginia,9/27/21,9.7
Wisconsin,9/27/21,10.1
Wyoming,9/27/21,10.4
Alabama,10/11/21,9.2
Alaska,10/11/21,11.9
Arizona,10/11/21,11.8
Arkansas,10/11/21,13.2
California,10/11/21,12.7
Colorado,10/11/21,13.1
Connecticut,10/11/21,9.1
Delaware,10/11/21,11.8
District of Columbia,10/11/21,13.5
Florida,10/11/21,10
Georgia,10/11/21,10.8
Hawaii,10/11/21,10.6
Idaho,10/11/21,11.5
Illinois,10/11/21,9.4
Indiana,10/11/21,11.3
Iowa,10/11/21,7.7
Kansas,10/11/21,10.7
Kentucky,10/11/21,17.8
Louisiana,10/11/21,10.1
Maine,10/11/21,11.5
Maryland,10/11/21,12.1
Massachusetts,10/11/21,12.3
Michigan,10/11/21,10.6
Minnesota,10/11/21,9.6
Mississippi,10/11/21,13.4
Missouri,10/11/21,13.7
Montana,10/11/21,9.1
Nebraska,10/11/21,11.9
Nevada,10/11/21,7.4
New Hampshire,10/11/21,6.8
New Jersey,10/11/21,8.1
New Mexico,10/11/21,8.3
New York,10/11/21,9.2
North Carolina,10/11/21,10.9
North Dakota,10/11/21,7.8
Ohio,10/11/21,10.5
Oklahoma,10/11/21,14.7
Oregon,10/11/21,15.8
Pennsylvania,10/11/21,11
Rhode Island,10/11/21,11.7
South Carolina,10/11/21,9.7
South Dakota,10/11/21,9.3
Tennessee,10/11/21,12.6
Texas,10/11/21,11.9
Utah,10/11/21,11.3
Vermont,10/11/21,12.1
Virginia,10/11/21,7.5
Washington,10/11/21,11.9
West Virginia,10/11/21,10.9
Wisconsin,10/11/21,5.9
Wyoming,10/11/21,8.1
Alabama,12/13/21,13
Alaska,12/13/21,9.4
Arizona,12/13/21,11.2
Arkansas,12/13/21,12.4
California,12/13/21,11.5
Colorado,12/13/21,12.5
Connecticut,12/13/21,9.1
Delaware,12/13/21,8.3
District of Columbia,12/13/21,17
Florida,12/13/21,10.2
Georgia,12/13/21,13.6
Hawaii,12/13/21,9.5
Idaho,12/13/21,17
Illinois,12/13/21,7.7
Indiana,12/13/21,9.2
Iowa,12/13/21,12.1
Kansas,12/13/21,8.3
Kentucky,12/13/21,13.2
Louisiana,12/13/21,9.5
Maine,12/13/21,10.6
Maryland,12/13/21,10.9
Massachusetts,12/13/21,10.5
Michigan,12/13/21,11.2
Minnesota,12/13/21,9.7
Mississippi,12/13/21,9.3
Missouri,12/13/21,11.5
Montana,12/13/21,10
Nebraska,12/13/21,11.2
Nevada,12/13/21,16.1
New Hampshire,12/13/21,14.1
New Jersey,12/13/21,8.6
New Mexico,12/13/21,11.5
New York,12/13/21,8.2
North Carolina,12/13/21,11.8
North Dakota,12/13/21,10.3
Ohio,12/13/21,10.5
Oklahoma,12/13/21,15.5
Oregon,12/13/21,16.1
Pennsylvania,12/13/21,9.4
Rhode Island,12/13/21,9.9
South Carolina,12/13/21,12.2
South Dakota,12/13/21,7.2
Tennessee,12/13/21,11.2
Texas,12/13/21,11.8
Utah,12/13/21,13.9
Vermont,12/13/21,10.7
Virginia,12/13/21,11.8
Washington,12/13/21,16
West Virginia,12/13/21,13.9
Wisconsin,12/13/21,10.4
Wyoming,12/13/21,11.4
Alabama,1/10/22,10.9
Alaska,1/10/22,11.6
Arizona,1/10/22,12.8
Arkansas,1/10/22,13.1
California,1/10/22,11.8
Colorado,1/10/22,14
Connecticut,1/10/22,11.2
Delaware,1/10/22,12.7
District of Columbia,1/10/22,14.9
Florida,1/10/22,10.1
Georgia,1/10/22,12.5
Hawaii,1/10/22,7.5
Idaho,1/10/22,10.9
Illinois,1/10/22,9.1
Indiana,1/10/22,11.4
Iowa,1/10/22,9.8
Kansas,1/10/22,12.3
Kentucky,1/10/22,10.6
Louisiana,1/10/22,11
Maine,1/10/22,11.1
Maryland,1/10/22,13.3
Massachusetts,1/10/22,9.1
Michigan,1/10/22,9.8
Minnesota,1/10/22,10.4
Mississippi,1/10/22,13.3
Missouri,1/10/22,13.4
Montana,1/10/22,14.9
Nebraska,1/10/22,13
Nevada,1/10/22,11.9
New Hampshire,1/10/22,12.3
New Jersey,1/10/22,7.4
New Mexico,1/10/22,12
New York,1/10/22,11.2
North Carolina,1/10/22,10.4
North Dakota,1/10/22,9.2
Ohio,1/10/22,8.8
Oklahoma,1/10/22,14.4
Oregon,1/10/22,15.7
Pennsylvania,1/10/22,9.1
Rhode Island,1/10/22,11.5
South Carolina,1/10/22,9.6
South Dakota,1/10/22,12.5
Tennessee,1/10/22,11
Texas,1/10/22,12.6
Utah,1/10/22,13.5
Vermont,1/10/22,9.3
Virginia,1/10/22,12.9
Washington,1/10/22,14.3
West Virginia,1/10/22,12.5
Wisconsin,1/10/22,10
Wyoming,1/10/22,13.8
Alabama,2/7/22,12.4
Alaska,2/7/22,11.9
Arizona,2/7/22,12.2
Arkansas,2/7/22,13.9
California,2/7/22,11.1
Colorado,2/7/22,13.3
Connecticut,2/7/22,8.3
Delaware,2/7/22,8.2
District of Columbia,2/7/22,9.9
Florida,2/7/22,10.3
Georgia,2/7/22,12.7
Hawaii,2/7/22,8.4
Idaho,2/7/22,9.1
Illinois,2/7/22,11.9
Indiana,2/7/22,10.2
Iowa,2/7/22,8.9
Kansas,2/7/22,13
Kentucky,2/7/22,10.3
Louisiana,2/7/22,11
Maine,2/7/22,14.3
Maryland,2/7/22,11.5
Massachusetts,2/7/22,10.8
Michigan,2/7/22,10.9
Minnesota,2/7/22,9.4
Mississippi,2/7/22,9.5
Missouri,2/7/22,9.8
Montana,2/7/22,11.7
Nebraska,2/7/22,10.2
Nevada,2/7/22,15.2
New Hampshire,2/7/22,9.3
New Jersey,2/7/22,11.9
New Mexico,2/7/22,11.9
New York,2/7/22,7.9
North Carolina,2/7/22,9.5
North Dakota,2/7/22,8.7
Ohio,2/7/22,10.3
Oklahoma,2/7/22,12.9
Oregon,2/7/22,15.7
Pennsylvania,2/7/22,10.1
Rhode Island,2/7/22,14.1
South Carolina,2/7/22,12.9
South Dakota,2/7/22,11.2
Tennessee,2/7/22,11.7
Texas,2/7/22,12.7
Utah,2/7/22,14.3
Vermont,2/7/22,9
Virginia,2/7/22,9.7
Washington,2/7/22,14
West Virginia,2/7/22,9.2
Wisconsin,2/7/22,10.8
Wyoming,2/7/22,9.2
Alabama,3/14/22,11.3
Alaska,3/14/22,14.4
Arizona,3/14/22,11.9
Arkansas,3/14/22,12.9
California,3/14/22,11.8
Colorado,3/14/22,12.2
Connecticut,3/14/22,9.3
Delaware,3/14/22,5.6
District of Columbia,3/14/22,17.6
Florida,3/14/22,11.9
Georgia,3/14/22,13.3
Hawaii,3/14/22,5.9
Idaho,3/14/22,11.5
Illinois,3/14/22,11.2
Indiana,3/14/22,12.5
Iowa,3/14/22,9.5
Kansas,3/14/22,11.5
Kentucky,3/14/22,12
Louisiana,3/14/22,10.5
Maine,3/14/22,9.1
Maryland,3/14/22,8.7
Massachusetts,3/14/22,9.9
Michigan,3/14/22,9.9
Minnesota,3/14/22,12.7
Mississippi,3/14/22,12.5
Missouri,3/14/22,12.7
Montana,3/14/22,10
Nebraska,3/14/22,13.8
Nevada,3/14/22,10.6
New Hampshire,3/14/22,8.4
New Jersey,3/14/22,7.2
New Mexico,3/14/22,13.3
New York,3/14/22,9.9
North Carolina,3/14/22,12
North Dakota,3/14/22,10.3
Ohio,3/14/22,10.6
Oklahoma,3/14/22,15.9
Oregon,3/14/22,15
Pennsylvania,3/14/22,9.5
Rhode Island,3/14/22,8.4
South Carolina,3/14/22,11.4
South Dakota,3/14/22,10.6
Tennessee,3/14/22,12.1
Texas,3/14/22,13.9
Utah,3/14/22,13.3
Vermont,3/14/22,12.7
Virginia,3/14/22,9.3
Washington,3/14/22,14.3
West Virginia,3/14/22,10.6
Wisconsin,3/14/22,9.8
Wyoming,3/14/22,12.3
Alabama,4/11/22,10
Alaska,4/11/22,10.7
Arizona,4/11/22,12.4
Arkansas,4/11/22,13.1
California,4/11/22,12.7
Colorado,4/11/22,12.1
Connecticut,4/11/22,11
Delaware,4/11/22,12
District of Columbia,4/11/22,12.7
Florida,4/11/22,11.1
Georgia,4/11/22,14.4
Hawaii,4/11/22,12.5
Idaho,4/11/22,14.1
Illinois,4/11/22,10.4
Indiana,4/11/22,10.9
Iowa,4/11/22,9.9
Kansas,4/11/22,8.9
Kentucky,4/11/22,10.4
Louisiana,4/11/22,12.4
Maine,4/11/22,11.5
Maryland,4/11/22,12.3
Massachusetts,4/11/22,12
Michigan,4/11/22,9.4
Minnesota,4/11/22,8.5
Mississippi,4/11/22,10.7
Missouri,4/11/22,11.4
Montana,4/11/22,12.1
Nebraska,4/11/22,9.8
Nevada,4/11/22,8.5
New Hampshire,4/11/22,10.1
New Jersey,4/11/22,9.9
New Mexico,4/11/22,11.5
New York,4/11/22,9.4
North Carolina,4/11/22,10.1
North Dakota,4/11/22,8.4
Ohio,4/11/22,11.7
Oklahoma,4/11/22,12.4
Oregon,4/11/22,16
Pennsylvania,4/11/22,9.3
Rhode Island,4/11/22,10.6
South Carolina,4/11/22,10.1
South Dakota,4/11/22,10.5
Tennessee,4/11/22,12.7
Texas,4/11/22,13.4
Utah,4/11/22,15.9
Vermont,4/11/22,8.3
Virginia,4/11/22,10.8
Washington,4/11/22,12.3
West Virginia,4/11/22,9.5
Wisconsin,4/11/22,10.9
Wyoming,4/11/22,14
Alabama,5/9/22,12.1
Alaska,5/9/22,15.8
Arizona,5/9/22,10.8
Arkansas,5/9/22,15.1
California,5/9/22,13.4
Colorado,5/9/22,10.6
Connecticut,5/9/22,9.2
Delaware,5/9/22,6.6
District of Columbia,5/9/22,20.8
Florida,5/9/22,9.3
Georgia,5/9/22,11.2
Hawaii,5/9/22,8.2
Idaho,5/9/22,12.1
Illinois,5/9/22,14.4
Indiana,5/9/22,9.7
Iowa,5/9/22,8.9
Kansas,5/9/22,14.3
Kentucky,5/9/22,14.7
Louisiana,5/9/22,9.9
Maine,5/9/22,10.8
Maryland,5/9/22,11.9
Massachusetts,5/9/22,12.9
Michigan,5/9/22,12.1
Minnesota,5/9/22,11.3
Mississippi,5/9/22,13.4
Missouri,5/9/22,12
Montana,5/9/22,12.6
Nebraska,5/9/22,10.4
Nevada,5/9/22,11.1
New Hampshire,5/9/22,10.1
New Jersey,5/9/22,7.8
New Mexico,5/9/22,12.7
New York,5/9/22,11.2
North Carolina,5/9/22,8.7
North Dakota,5/9/22,8
Ohio,5/9/22,8.5
Oklahoma,5/9/22,13
Oregon,5/9/22,15.6
Pennsylvania,5/9/22,9.5
Rhode Island,5/9/22,7.5
South Carolina,5/9/22,9
South Dakota,5/9/22,7.9
Tennessee,5/9/22,11.6
Texas,5/9/22,12.7
Utah,5/9/22,17.9
Vermont,5/9/22,11.9
Virginia,5/9/22,10.1
Washington,5/9/22,14.8
West Virginia,5/9/22,9.8
Wisconsin,5/9/22,11.6
Wyoming,5/9/22,11.5