﻿group,period_end,value
Alabama,8/31/20,22.3
Alaska,8/31/20,16.7
Arizona,8/31/20,18.3
Arkansas,8/31/20,24.1
California,8/31/20,15.8
Colorado,8/31/20,17
Connecticut,8/31/20,18.8
Delaware,8/31/20,19.8
District of Columbia,8/31/20,18
Florida,8/31/20,19
Georgia,8/31/20,21.1
Hawaii,8/31/20,12.2
Idaho,8/31/20,22.5
Illinois,8/31/20,17.2
Indiana,8/31/20,23.5
Iowa,8/31/20,23.1
Kansas,8/31/20,21.2
Kentucky,8/31/20,26.8
Louisiana,8/31/20,23.6
Maine,8/31/20,23.1
Maryland,8/31/20,17.1
Massachusetts,8/31/20,19.9
Michigan,8/31/20,20.4
Minnesota,8/31/20,20.6
Mississippi,8/31/20,20.8
Missouri,8/31/20,23.7
Montana,8/31/20,18.4
Nebraska,8/31/20,23.6
Nevada,8/31/20,15
New Hampshire,8/31/20,21.1
New Jersey,8/31/20,18.7
New Mexico,8/31/20,18.5
New York,8/31/20,17.8
North Carolina,8/31/20,19.4
North Dakota,8/31/20,19.6
Ohio,8/31/20,21.7
Oklahoma,8/31/20,21.9
Oregon,8/31/20,22.9
Pennsylvania,8/31/20,22.1
Rhode Island,8/31/20,23.1
South Carolina,8/31/20,20.5
South Dakota,8/31/20,17.8
Tennessee,8/31/20,21.2
Texas,8/31/20,16.4
Utah,8/31/20,23.9
Vermont,8/31/20,23.2
Virginia,8/31/20,18.9
Washington,8/31/20,20.9
West Virginia,8/31/20,22.4
Wisconsin,8/31/20,19.7
Wyoming,8/31/20,18.7
Alabama,9/14/20,21
Alaska,9/14/20,15
Arizona,9/14/20,19.6
Arkansas,9/14/20,25.7
California,9/14/20,15.9
Colorado,9/14/20,17.8
Connecticut,9/14/20,20
Delaware,9/14/20,22.8
District of Columbia,9/14/20,19.6
Florida,9/14/20,17.1
Georgia,9/14/20,20.3
Hawaii,9/14/20,11.2
Idaho,9/14/20,23.2
Illinois,9/14/20,19
Indiana,9/14/20,23.3
Iowa,9/14/20,22.4
Kansas,9/14/20,22.2
Kentucky,9/14/20,26
Louisiana,9/14/20,23.1
Maine,9/14/20,30.1
Maryland,9/14/20,16.9
Massachusetts,9/14/20,23.2
Michigan,9/14/20,21.5
Minnesota,9/14/20,22.9
Mississippi,9/14/20,23.5
Missouri,9/14/20,21.3
Montana,9/14/20,21.8
Nebraska,9/14/20,21.3
Nevada,9/14/20,15.9
New Hampshire,9/14/20,22.9
New Jersey,9/14/20,17.9
New Mexico,9/14/20,18.8
New York,9/14/20,17.8
North Carolina,9/14/20,22.3
North Dakota,9/14/20,15.7
Ohio,9/14/20,21.2
Oklahoma,9/14/20,22.6
Oregon,9/14/20,21.2
Pennsylvania,9/14/20,20.1
Rhode Island,9/14/20,22.6
South Carolina,9/14/20,22.7
South Dakota,9/14/20,20.3
Tennessee,9/14/20,19.4
Texas,9/14/20,18.1
Utah,9/14/20,22.3
Vermont,9/14/20,22.3
Virginia,9/14/20,19.5
Washington,9/14/20,19.4
West Virginia,9/14/20,26.2
Wisconsin,9/14/20,24
Wyoming,9/14/20,18.1
Alabama,9/28/20,25.9
Alaska,9/28/20,17.1
Arizona,9/28/20,19
Arkansas,9/28/20,20.3
California,9/28/20,16.2
Colorado,9/28/20,21.8
Connecticut,9/28/20,22.4
Delaware,9/28/20,18.8
District of Columbia,9/28/20,19.1
Florida,9/28/20,19.6
Georgia,9/28/20,19.9
Hawaii,9/28/20,10.1
Idaho,9/28/20,21.8
Illinois,9/28/20,19.3
Indiana,9/28/20,22.5
Iowa,9/28/20,22.9
Kansas,9/28/20,25
Kentucky,9/28/20,25.5
Louisiana,9/28/20,23.1
Maine,9/28/20,21.5
Maryland,9/28/20,18.8
Massachusetts,9/28/20,22.9
Michigan,9/28/20,19.8
Minnesota,9/28/20,22.9
Mississippi,9/28/20,19.8
Missouri,9/28/20,23
Montana,9/28/20,25.4
Nebraska,9/28/20,19.4
Nevada,9/28/20,17.4
New Hampshire,9/28/20,21.8
New Jersey,9/28/20,17.4
New Mexico,9/28/20,22.7
New York,9/28/20,15.9
North Carolina,9/28/20,20.4
North Dakota,9/28/20,22.6
Ohio,9/28/20,21
Oklahoma,9/28/20,20.7
Oregon,9/28/20,18.2
Pennsylvania,9/28/20,22.6
Rhode Island,9/28/20,22.3
South Carolina,9/28/20,21.3
South Dakota,9/28/20,21.7
Tennessee,9/28/20,24.1
Texas,9/28/20,18.2
Utah,9/28/20,24.2
Vermont,9/28/20,24.2
Virginia,9/28/20,19.1
Washington,9/28/20,20.7
West Virginia,9/28/20,23.5
Wisconsin,9/28/20,18.2
Wyoming,9/28/20,22.3
Alabama,10/12/20,26.7
Alaska,10/12/20,15.5
Arizona,10/12/20,19.2
Arkansas,10/12/20,25
California,10/12/20,15.3
Colorado,10/12/20,18.2
Connecticut,10/12/20,19.2
Delaware,10/12/20,22.7
District of Columbia,10/12/20,14.2
Florida,10/12/20,17.6
Georgia,10/12/20,19.5
Hawaii,10/12/20,13
Idaho,10/12/20,20.8
Illinois,10/12/20,18
Indiana,10/12/20,22.5
Iowa,10/12/20,23.6
Kansas,10/12/20,20.3
Kentucky,10/12/20,25.9
Louisiana,10/12/20,24.3
Maine,10/12/20,24.9
Maryland,10/12/20,20.6
Massachusetts,10/12/20,21.9
Michigan,10/12/20,19.4
Minnesota,10/12/20,20.8
Mississippi,10/12/20,21
Missouri,10/12/20,22.3
Montana,10/12/20,19.3
Nebraska,10/12/20,19
Nevada,10/12/20,16.9
New Hampshire,10/12/20,19
New Jersey,10/12/20,16.7
New Mexico,10/12/20,20.4
New York,10/12/20,18.4
North Carolina,10/12/20,21.9
North Dakota,10/12/20,19.4
Ohio,10/12/20,19.8
Oklahoma,10/12/20,26.2
Oregon,10/12/20,21.2
Pennsylvania,10/12/20,20.1
Rhode Island,10/12/20,25
South Carolina,10/12/20,22.4
South Dakota,10/12/20,20.5
Tennessee,10/12/20,21.5
Texas,10/12/20,17.9
Utah,10/12/20,23.3
Vermont,10/12/20,19.9
Virginia,10/12/20,19.1
Washington,10/12/20,20.6
West Virginia,10/12/20,32.1
Wisconsin,10/12/20,19.6
Wyoming,10/12/20,18.5
Alabama,10/26/20,21.6
Alaska,10/26/20,15.8
Arizona,10/26/20,19.9
Arkansas,10/26/20,25.1
California,10/26/20,17
Colorado,10/26/20,21.8
Connecticut,10/26/20,17.7
Delaware,10/26/20,20.1
District of Columbia,10/26/20,16.9
Florida,10/26/20,19.3
Georgia,10/26/20,19.5
Hawaii,10/26/20,10
Idaho,10/26/20,24.1
Illinois,10/26/20,18.2
Indiana,10/26/20,26.4
Iowa,10/26/20,22.7
Kansas,10/26/20,24.6
Kentucky,10/26/20,25.2
Louisiana,10/26/20,23.6
Maine,10/26/20,27.2
Maryland,10/26/20,18.9
Massachusetts,10/26/20,24.5
Michigan,10/26/20,23
Minnesota,10/26/20,21.1
Mississippi,10/26/20,26.2
Missouri,10/26/20,24.4
Montana,10/26/20,19.3
Nebraska,10/26/20,20.2
Nevada,10/26/20,15.4
New Hampshire,10/26/20,24.3
New Jersey,10/26/20,16.1
New Mexico,10/26/20,20.4
New York,10/26/20,15.5
North Carolina,10/26/20,19.4
North Dakota,10/26/20,20.6
Ohio,10/26/20,22.2
Oklahoma,10/26/20,22.8
Oregon,10/26/20,24.3
Pennsylvania,10/26/20,24.1
Rhode Island,10/26/20,26.2
South Carolina,10/26/20,19.2
South Dakota,10/26/20,19.1
Tennessee,10/26/20,23.2
Texas,10/26/20,18.4
Utah,10/26/20,23
Vermont,10/26/20,18.7
Virginia,10/26/20,19.3
Washington,10/26/20,22.2
West Virginia,10/26/20,25.1
Wisconsin,10/26/20,23.4
Wyoming,10/26/20,19.5
Alabama,11/9/20,25.2
Alaska,11/9/20,18.3
Arizona,11/9/20,19.6
Arkansas,11/9/20,23.6
California,11/9/20,18.3
Colorado,11/9/20,22.6
Connecticut,11/9/20,23.8
Delaware,11/9/20,22.7
District of Columbia,11/9/20,19.7
Florida,11/9/20,19.6
Georgia,11/9/20,20.6
Hawaii,11/9/20,14.2
Idaho,11/9/20,21.4
Illinois,11/9/20,21.9
Indiana,11/9/20,23.9
Iowa,11/9/20,25.6
Kansas,11/9/20,23.7
Kentucky,11/9/20,25
Louisiana,11/9/20,25.3
Maine,11/9/20,21.7
Maryland,11/9/20,20
Massachusetts,11/9/20,22.1
Michigan,11/9/20,22.7
Minnesota,11/9/20,21.5
Mississippi,11/9/20,20.1
Missouri,11/9/20,21
Montana,11/9/20,18.8
Nebraska,11/9/20,23.8
Nevada,11/9/20,19.9
New Hampshire,11/9/20,20.9
New Jersey,11/9/20,17.5
New Mexico,11/9/20,24.9
New York,11/9/20,13.7
North Carolina,11/9/20,20.4
North Dakota,11/9/20,21.3
Ohio,11/9/20,22.5
Oklahoma,11/9/20,23.9
Oregon,11/9/20,22.2
Pennsylvania,11/9/20,26.4
Rhode Island,11/9/20,24.2
South Carolina,11/9/20,23.3
South Dakota,11/9/20,19.1
Tennessee,11/9/20,21.6
Texas,11/9/20,19.6
Utah,11/9/20,24.9
Vermont,11/9/20,27.4
Virginia,11/9/20,22.2
Washington,11/9/20,20.8
West Virginia,11/9/20,27.6
Wisconsin,11/9/20,19.5
Wyoming,11/9/20,19.4
Alabama,11/23/20,27.1
Alaska,11/23/20,19.7
Arizona,11/23/20,18.3
Arkansas,11/23/20,31.4
California,11/23/20,16.3
Colorado,11/23/20,21.9
Connecticut,11/23/20,20.1
Delaware,11/23/20,21.8
District of Columbia,11/23/20,16.8
Florida,11/23/20,20
Georgia,11/23/20,21.3
Hawaii,11/23/20,13.2
Idaho,11/23/20,22.5
Illinois,11/23/20,22.1
Indiana,11/23/20,25.5
Iowa,11/23/20,26.1
Kansas,11/23/20,22.9
Kentucky,11/23/20,24.2
Louisiana,11/23/20,21.5
Maine,11/23/20,22.4
Maryland,11/23/20,18.8
Massachusetts,11/23/20,25.3
Michigan,11/23/20,23.5
Minnesota,11/23/20,23.7
Mississippi,11/23/20,23.6
Missouri,11/23/20,25.2
Montana,11/23/20,21
Nebraska,11/23/20,22.4
Nevada,11/23/20,19.2
New Hampshire,11/23/20,24.7
New Jersey,11/23/20,21.8
New Mexico,11/23/20,19.5
New York,11/23/20,19.4
North Carolina,11/23/20,26.4
North Dakota,11/23/20,21.2
Ohio,11/23/20,25.6
Oklahoma,11/23/20,26.4
Oregon,11/23/20,21.2
Pennsylvania,11/23/20,20.9
Rhode Island,11/23/20,25.3
South Carolina,11/23/20,29.3
South Dakota,11/23/20,24.2
Tennessee,11/23/20,21.2
Texas,11/23/20,19.6
Utah,11/23/20,26.4
Vermont,11/23/20,20.7
Virginia,11/23/20,24.1
Washington,11/23/20,24.2
West Virginia,11/23/20,25
Wisconsin,11/23/20,21.6
Wyoming,11/23/20,19.9
Alabama,12/7/20,24.3
Alaska,12/7/20,16.6
Arizona,12/7/20,19.5
Arkansas,12/7/20,27.5
California,12/7/20,18
Colorado,12/7/20,21.9
Connecticut,12/7/20,20.6
Delaware,12/7/20,22.3
District of Columbia,12/7/20,20.2
Florida,12/7/20,20
Georgia,12/7/20,23.6
Hawaii,12/7/20,13.2
Idaho,12/7/20,25
Illinois,12/7/20,18.4
Indiana,12/7/20,23.3
Iowa,12/7/20,22.3
Kansas,12/7/20,25.7
Kentucky,12/7/20,23.9
Louisiana,12/7/20,23.6
Maine,12/7/20,23.4
Maryland,12/7/20,20
Massachusetts,12/7/20,23.5
Michigan,12/7/20,24.6
Minnesota,12/7/20,24
Mississippi,12/7/20,25.1
Missouri,12/7/20,25.8
Montana,12/7/20,21.3
Nebraska,12/7/20,23.9
Nevada,12/7/20,18.5
New Hampshire,12/7/20,28.7
New Jersey,12/7/20,18.7
New Mexico,12/7/20,20.8
New York,12/7/20,19.5
North Carolina,12/7/20,18.9
North Dakota,12/7/20,22.9
Ohio,12/7/20,27.4
Oklahoma,12/7/20,25.5
Oregon,12/7/20,22.3
Pennsylvania,12/7/20,23.5
Rhode Island,12/7/20,22.9
South Carolina,12/7/20,21.4
South Dakota,12/7/20,27.5
Tennessee,12/7/20,22.2
Texas,12/7/20,17.5
Utah,12/7/20,28
Vermont,12/7/20,27.4
Virginia,12/7/20,24.6
Washington,12/7/20,20.8
West Virginia,12/7/20,33
Wisconsin,12/7/20,23.3
Wyoming,12/7/20,25.1
Alabama,12/21/20,24.8
Alaska,12/21/20,18.4
Arizona,12/21/20,20.1
Arkansas,12/21/20,26.4
California,12/21/20,18.6
Colorado,12/21/20,20.1
Connecticut,12/21/20,21.9
Delaware,12/21/20,21.2
District of Columbia,12/21/20,20.3
Florida,12/21/20,20.8
Georgia,12/21/20,20.6
Hawaii,12/21/20,12.5
Idaho,12/21/20,24.6
Illinois,12/21/20,19.9
Indiana,12/21/20,23.4
Iowa,12/21/20,27.1
Kansas,12/21/20,24.4
Kentucky,12/21/20,28.1
Louisiana,12/21/20,34.2
Maine,12/21/20,27.4
Maryland,12/21/20,19.7
Massachusetts,12/21/20,21.9
Michigan,12/21/20,25.1
Minnesota,12/21/20,24.3
Mississippi,12/21/20,25.8
Missouri,12/21/20,25.5
Montana,12/21/20,28
Nebraska,12/21/20,24.9
Nevada,12/21/20,15.8
New Hampshire,12/21/20,29.2
New Jersey,12/21/20,17.7
New Mexico,12/21/20,18.9
New York,12/21/20,16.9
North Carolina,12/21/20,22.5
North Dakota,12/21/20,21.1
Ohio,12/21/20,21.4
Oklahoma,12/21/20,27.5
Oregon,12/21/20,21.9
Pennsylvania,12/21/20,21.9
Rhode Island,12/21/20,25.5
South Carolina,12/21/20,23.1
South Dakota,12/21/20,18.6
Tennessee,12/21/20,26.4
Texas,12/21/20,22.1
Utah,12/21/20,24.9
Vermont,12/21/20,24.5
Virginia,12/21/20,19.9
Washington,12/21/20,24
West Virginia,12/21/20,29.5
Wisconsin,12/21/20,24.9
Wyoming,12/21/20,23.1
Alabama,1/18/21,22.8
Alaska,1/18/21,19.2
Arizona,1/18/21,19.3
Arkansas,1/18/21,25.1
California,1/18/21,16.9
Colorado,1/18/21,20.9
Connecticut,1/18/21,20.1
Delaware,1/18/21,19.3
District of Columbia,1/18/21,19.8
Florida,1/18/21,20.7
Georgia,1/18/21,21.9
Hawaii,1/18/21,15.7
Idaho,1/18/21,22
Illinois,1/18/21,23.1
Indiana,1/18/21,26.4
Iowa,1/18/21,25.7
Kansas,1/18/21,21.9
Kentucky,1/18/21,25.2
Louisiana,1/18/21,24.6
Maine,1/18/21,24.8
Maryland,1/18/21,21.1
Massachusetts,1/18/21,21.2
Michigan,1/18/21,22
Minnesota,1/18/21,23.5
Mississippi,1/18/21,26.6
Missouri,1/18/21,23.8
Montana,1/18/21,24.7
Nebraska,1/18/21,24.5
Nevada,1/18/21,19.8
New Hampshire,1/18/21,24.2
New Jersey,1/18/21,16.2
New Mexico,1/18/21,15.4
New York,1/18/21,15.1
North Carolina,1/18/21,23.6
North Dakota,1/18/21,22.8
Ohio,1/18/21,19.8
Oklahoma,1/18/21,23.3
Oregon,1/18/21,20.9
Pennsylvania,1/18/21,24.4
Rhode Island,1/18/21,27.7
South Carolina,1/18/21,28.5
South Dakota,1/18/21,20
Tennessee,1/18/21,21.3
Texas,1/18/21,17.3
Utah,1/18/21,24.9
Vermont,1/18/21,20.7
Virginia,1/18/21,20.9
Washington,1/18/21,22.2
West Virginia,1/18/21,25.6
Wisconsin,1/18/21,21.8
Wyoming,1/18/21,20.8
Alabama,2/1/21,24.8
Alaska,2/1/21,17.9
Arizona,2/1/21,23.7
Arkansas,2/1/21,23
California,2/1/21,16.4
Colorado,2/1/21,19.4
Connecticut,2/1/21,21
Delaware,2/1/21,23.6
District of Columbia,2/1/21,20.2
Florida,2/1/21,18.5
Georgia,2/1/21,24.4
Hawaii,2/1/21,11.2
Idaho,2/1/21,25.3
Illinois,2/1/21,20.7
Indiana,2/1/21,27.9
Iowa,2/1/21,24
Kansas,2/1/21,23.4
Kentucky,2/1/21,29.2
Louisiana,2/1/21,25.7
Maine,2/1/21,24.4
Maryland,2/1/21,20.7
Massachusetts,2/1/21,23.8
Michigan,2/1/21,22.8
Minnesota,2/1/21,24.8
Mississippi,2/1/21,23.8
Missouri,2/1/21,25.3
Montana,2/1/21,20.8
Nebraska,2/1/21,21.4
Nevada,2/1/21,16.9
New Hampshire,2/1/21,26.1
New Jersey,2/1/21,20.4
New Mexico,2/1/21,19.9
New York,2/1/21,17.3
North Carolina,2/1/21,18.3
North Dakota,2/1/21,22.7
Ohio,2/1/21,24.5
Oklahoma,2/1/21,27.7
Oregon,2/1/21,23.9
Pennsylvania,2/1/21,26.7
Rhode Island,2/1/21,27.4
South Carolina,2/1/21,22.4
South Dakota,2/1/21,25.1
Tennessee,2/1/21,25
Texas,2/1/21,18.6
Utah,2/1/21,24.9
Vermont,2/1/21,21.3
Virginia,2/1/21,19.5
Washington,2/1/21,20.5
West Virginia,2/1/21,25
Wisconsin,2/1/21,22.8
Wyoming,2/1/21,22.9
Alabama,2/15/21,18.9
Alaska,2/15/21,17.3
Arizona,2/15/21,18.6
Arkansas,2/15/21,27.4
California,2/15/21,14.6
Colorado,2/15/21,18.1
Connecticut,2/15/21,18.7
Delaware,2/15/21,20.3
District of Columbia,2/15/21,20.5
Florida,2/15/21,19.7
Georgia,2/15/21,17.1
Hawaii,2/15/21,12.1
Idaho,2/15/21,22.5
Illinois,2/15/21,23.8
Indiana,2/15/21,25.9
Iowa,2/15/21,24.2
Kansas,2/15/21,21.4
Kentucky,2/15/21,25.5
Louisiana,2/15/21,22.9
Maine,2/15/21,23.7
Maryland,2/15/21,23.2
Massachusetts,2/15/21,23.4
Michigan,2/15/21,23.2
Minnesota,2/15/21,21.5
Mississippi,2/15/21,27.2
Missouri,2/15/21,22.4
Montana,2/15/21,24.6
Nebraska,2/15/21,27.3
Nevada,2/15/21,18.8
New Hampshire,2/15/21,22.9
New Jersey,2/15/21,18.6
New Mexico,2/15/21,24.2
New York,2/15/21,19.4
North Carolina,2/15/21,26.4
North Dakota,2/15/21,20.5
Ohio,2/15/21,20.3
Oklahoma,2/15/21,27.6
Oregon,2/15/21,25.3
Pennsylvania,2/15/21,23
Rhode Island,2/15/21,31.8
South Carolina,2/15/21,22.8
South Dakota,2/15/21,21.3
Tennessee,2/15/21,23.7
Texas,2/15/21,18.8
Utah,2/15/21,24.9
Vermont,2/15/21,25.6
Virginia,2/15/21,22.2
Washington,2/15/21,19.7
West Virginia,2/15/21,29.8
Wisconsin,2/15/21,23.3
Wyoming,2/15/21,18.3
Alabama,3/1/21,22.9
Alaska,3/1/21,17.3
Arizona,3/1/21,19.2
Arkansas,3/1/21,26.9
California,3/1/21,18.6
Colorado,3/1/21,21.3
Connecticut,3/1/21,24.7
Delaware,3/1/21,25.6
District of Columbia,3/1/21,18.5
Florida,3/1/21,17
Georgia,3/1/21,24.5
Hawaii,3/1/21,12.2
Idaho,3/1/21,23.6
Illinois,3/1/21,20.4
Indiana,3/1/21,25.8
Iowa,3/1/21,24.7
Kansas,3/1/21,25.9
Kentucky,3/1/21,27
Louisiana,3/1/21,22.8
Maine,3/1/21,25.1
Maryland,3/1/21,19.1
Massachusetts,3/1/21,24.5
Michigan,3/1/21,22.1
Minnesota,3/1/21,23.4
Mississippi,3/1/21,21.6
Missouri,3/1/21,23.4
Montana,3/1/21,21.2
Nebraska,3/1/21,20.4
Nevada,3/1/21,18.2
New Hampshire,3/1/21,23.4
New Jersey,3/1/21,15.2
New Mexico,3/1/21,22.8
New York,3/1/21,18.4
North Carolina,3/1/21,24.7
North Dakota,3/1/21,26.2
Ohio,3/1/21,22.1
Oklahoma,3/1/21,23.1
Oregon,3/1/21,20.8
Pennsylvania,3/1/21,25.4
Rhode Island,3/1/21,22.6
South Carolina,3/1/21,21.6
South Dakota,3/1/21,19.2
Tennessee,3/1/21,23.3
Texas,3/1/21,19.2
Utah,3/1/21,27.9
Vermont,3/1/21,20.7
Virginia,3/1/21,19.7
Washington,3/1/21,21.5
West Virginia,3/1/21,27.9
Wisconsin,3/1/21,21.6
Wyoming,3/1/21,23.3
Alabama,3/15/21,23.2
Alaska,3/15/21,19.7
Arizona,3/15/21,21.7
Arkansas,3/15/21,29.8
California,3/15/21,18.1
Colorado,3/15/21,25.2
Connecticut,3/15/21,22.8
Delaware,3/15/21,16.7
District of Columbia,3/15/21,20.2
Florida,3/15/21,19.9
Georgia,3/15/21,17.9
Hawaii,3/15/21,11.3
Idaho,3/15/21,22.4
Illinois,3/15/21,19.9
Indiana,3/15/21,23
Iowa,3/15/21,23.8
Kansas,3/15/21,23
Kentucky,3/15/21,25.9
Louisiana,3/15/21,28.1
Maine,3/15/21,26.8
Maryland,3/15/21,20.2
Massachusetts,3/15/21,23.5
Michigan,3/15/21,21.8
Minnesota,3/15/21,22.6
Mississippi,3/15/21,19.3
Missouri,3/15/21,24.4
Montana,3/15/21,21.1
Nebraska,3/15/21,22.8
Nevada,3/15/21,16.4
New Hampshire,3/15/21,21.8
New Jersey,3/15/21,18.7
New Mexico,3/15/21,15.5
New York,3/15/21,20.6
North Carolina,3/15/21,22.9
North Dakota,3/15/21,23.4
Ohio,3/15/21,25
Oklahoma,3/15/21,20.7
Oregon,3/15/21,26
Pennsylvania,3/15/21,23.8
Rhode Island,3/15/21,25
South Carolina,3/15/21,22.9
South Dakota,3/15/21,20.9
Tennessee,3/15/21,23.6
Texas,3/15/21,17.5
Utah,3/15/21,23.4
Vermont,3/15/21,23.8
Virginia,3/15/21,20.2
Washington,3/15/21,22.7
West Virginia,3/15/21,26.1
Wisconsin,3/15/21,21.3
Wyoming,3/15/21,26.6
Alabama,3/29/21,24.4
Alaska,3/29/21,17.6
Arizona,3/29/21,19.3
Arkansas,3/29/21,28.7
California,3/29/21,16.1
Colorado,3/29/21,20.4
Connecticut,3/29/21,22.2
Delaware,3/29/21,17
District of Columbia,3/29/21,18.7
Florida,3/29/21,16.4
Georgia,3/29/21,23.1
Hawaii,3/29/21,11.6
Idaho,3/29/21,21.6
Illinois,3/29/21,19.5
Indiana,3/29/21,24.9
Iowa,3/29/21,22.6
Kansas,3/29/21,22.3
Kentucky,3/29/21,27.3
Louisiana,3/29/21,26.5
Maine,3/29/21,26.9
Maryland,3/29/21,20.3
Massachusetts,3/29/21,20.9
Michigan,3/29/21,25.3
Minnesota,3/29/21,24.1
Mississippi,3/29/21,24.8
Missouri,3/29/21,23.3
Montana,3/29/21,18.7
Nebraska,3/29/21,19.6
Nevada,3/29/21,18.3
New Hampshire,3/29/21,21.9
New Jersey,3/29/21,15.7
New Mexico,3/29/21,18.7
New York,3/29/21,19.4
North Carolina,3/29/21,22.4
North Dakota,3/29/21,21.9
Ohio,3/29/21,23
Oklahoma,3/29/21,28.5
Oregon,3/29/21,22.4
Pennsylvania,3/29/21,21
Rhode Island,3/29/21,23.6
South Carolina,3/29/21,22.7
South Dakota,3/29/21,18.3
Tennessee,3/29/21,25.8
Texas,3/29/21,17.7
Utah,3/29/21,21.1
Vermont,3/29/21,25.4
Virginia,3/29/21,20.9
Washington,3/29/21,23.1
West Virginia,3/29/21,26.8
Wisconsin,3/29/21,22.4
Wyoming,3/29/21,22.9
Alabama,4/26/21,22.1
Alaska,4/26/21,18
Arizona,4/26/21,22.6
Arkansas,4/26/21,21.7
California,4/26/21,19.3
Colorado,4/26/21,21.4
Connecticut,4/26/21,20.7
Delaware,4/26/21,20.1
District of Columbia,4/26/21,19.9
Florida,4/26/21,17.6
Georgia,4/26/21,20.7
Hawaii,4/26/21,14.7
Idaho,4/26/21,18.7
Illinois,4/26/21,19.2
Indiana,4/26/21,26
Iowa,4/26/21,22.9
Kansas,4/26/21,28.3
Kentucky,4/26/21,26.2
Louisiana,4/26/21,19.6
Maine,4/26/21,25.3
Maryland,4/26/21,20.1
Massachusetts,4/26/21,21.9
Michigan,4/26/21,22.6
Minnesota,4/26/21,23.4
Mississippi,4/26/21,18.6
Missouri,4/26/21,26.1
Montana,4/26/21,23.1
Nebraska,4/26/21,20.3
Nevada,4/26/21,20.4
New Hampshire,4/26/21,24.4
New Jersey,4/26/21,15.8
New Mexico,4/26/21,17.3
New York,4/26/21,20.6
North Carolina,4/26/21,25.4
North Dakota,4/26/21,22.4
Ohio,4/26/21,20.8
Oklahoma,4/26/21,20.5
Oregon,4/26/21,23.9
Pennsylvania,4/26/21,23.8
Rhode Island,4/26/21,21.6
South Carolina,4/26/21,21
South Dakota,4/26/21,23.9
Tennessee,4/26/21,24.7
Texas,4/26/21,20.4
Utah,4/26/21,25.1
Vermont,4/26/21,22.1
Virginia,4/26/21,20.9
Washington,4/26/21,20.2
West Virginia,4/26/21,32.3
Wisconsin,4/26/21,19.4
Wyoming,4/26/21,18.8
Alabama,5/10/21,25.9
Alaska,5/10/21,19.9
Arizona,5/10/21,19
Arkansas,5/10/21,27.4
California,5/10/21,16.4
Colorado,5/10/21,21.6
Connecticut,5/10/21,20.1
Delaware,5/10/21,24.7
District of Columbia,5/10/21,20.1
Florida,5/10/21,20.1
Georgia,5/10/21,21.7
Hawaii,5/10/21,15.4
Idaho,5/10/21,23
Illinois,5/10/21,21.5
Indiana,5/10/21,23.9
Iowa,5/10/21,22.7
Kansas,5/10/21,21.8
Kentucky,5/10/21,28.9
Louisiana,5/10/21,27.5
Maine,5/10/21,25.1
Maryland,5/10/21,22.7
Massachusetts,5/10/21,23.1
Michigan,5/10/21,24.2
Minnesota,5/10/21,19
Mississippi,5/10/21,23.9
Missouri,5/10/21,25.6
Montana,5/10/21,22.1
Nebraska,5/10/21,22.7
Nevada,5/10/21,16.4
New Hampshire,5/10/21,24.6
New Jersey,5/10/21,16.5
New Mexico,5/10/21,19.8
New York,5/10/21,18.7
North Carolina,5/10/21,21
North Dakota,5/10/21,23.1
Ohio,5/10/21,24.9
Oklahoma,5/10/21,25.3
Oregon,5/10/21,22.8
Pennsylvania,5/10/21,24.6
Rhode Island,5/10/21,22.5
South Carolina,5/10/21,19.2
South Dakota,5/10/21,22.7
Tennessee,5/10/21,25
Texas,5/10/21,20.4
Utah,5/10/21,21.9
Vermont,5/10/21,23.6
Virginia,5/10/21,22.5
Washington,5/10/21,23.1
West Virginia,5/10/21,29.7
Wisconsin,5/10/21,25.9
Wyoming,5/10/21,16.6
Alabama,5/24/21,22.8
Alaska,5/24/21,17.3
Arizona,5/24/21,19.8
Arkansas,5/24/21,26.6
California,5/24/21,15.6
Colorado,5/24/21,21.2
Connecticut,5/24/21,23.2
Delaware,5/24/21,20.7
District of Columbia,5/24/21,15.5
Florida,5/24/21,18.9
Georgia,5/24/21,19.5
Hawaii,5/24/21,13.3
Idaho,5/24/21,28.1
Illinois,5/24/21,22.1
Indiana,5/24/21,26
Iowa,5/24/21,25.4
Kansas,5/24/21,20.6
Kentucky,5/24/21,29.2
Louisiana,5/24/21,26.9
Maine,5/24/21,24.1
Maryland,5/24/21,21.1
Massachusetts,5/24/21,23.1
Michigan,5/24/21,19.6
Minnesota,5/24/21,25.4
Mississippi,5/24/21,24.7
Missouri,5/24/21,22.5
Montana,5/24/21,16.8
Nebraska,5/24/21,23.1
Nevada,5/24/21,15.4
New Hampshire,5/24/21,21
New Jersey,5/24/21,16.4
New Mexico,5/24/21,20.2
New York,5/24/21,19.6
North Carolina,5/24/21,23.6
North Dakota,5/24/21,19
Ohio,5/24/21,25.2
Oklahoma,5/24/21,27.3
Oregon,5/24/21,24.7
Pennsylvania,5/24/21,28
Rhode Island,5/24/21,24.7
South Carolina,5/24/21,19
South Dakota,5/24/21,18
Tennessee,5/24/21,28.9
Texas,5/24/21,17
Utah,5/24/21,24.3
Vermont,5/24/21,23.2
Virginia,5/24/21,22.6
Washington,5/24/21,19.9
West Virginia,5/24/21,24.2
Wisconsin,5/24/21,23.6
Wyoming,5/24/21,14.3
Alabama,6/7/21,25.5
Alaska,6/7/21,14
Arizona,6/7/21,19.6
Arkansas,6/7/21,23.9
California,6/7/21,17.1
Colorado,6/7/21,21.5
Connecticut,6/7/21,18
Delaware,6/7/21,16.7
District of Columbia,6/7/21,17
Florida,6/7/21,21.3
Georgia,6/7/21,17.7
Hawaii,6/7/21,12.2
Idaho,6/7/21,24.6
Illinois,6/7/21,22
Indiana,6/7/21,24.1
Iowa,6/7/21,28.5
Kansas,6/7/21,19.8
Kentucky,6/7/21,28.8
Louisiana,6/7/21,27.8
Maine,6/7/21,24.3
Maryland,6/7/21,19.1
Massachusetts,6/7/21,22.8
Michigan,6/7/21,22.3
Minnesota,6/7/21,28.7
Mississippi,6/7/21,19.5
Missouri,6/7/21,23.8
Montana,6/7/21,19.9
Nebraska,6/7/21,20.3
Nevada,6/7/21,17.6
New Hampshire,6/7/21,25.2
New Jersey,6/7/21,19.7
New Mexico,6/7/21,19.4
New York,6/7/21,19.6
North Carolina,6/7/21,24.4
North Dakota,6/7/21,29.5
Ohio,6/7/21,23.3
Oklahoma,6/7/21,25.1
Oregon,6/7/21,24.4
Pennsylvania,6/7/21,23.1
Rhode Island,6/7/21,28.4
South Carolina,6/7/21,25.3
South Dakota,6/7/21,24.9
Tennessee,6/7/21,24
Texas,6/7/21,17.5
Utah,6/7/21,25.4
Vermont,6/7/21,25.6
Virginia,6/7/21,22.9
Washington,6/7/21,21.6
West Virginia,6/7/21,26.3
Wisconsin,6/7/21,19.8
Wyoming,6/7/21,21
Alabama,6/21/21,22.2
Alaska,6/21/21,18.6
Arizona,6/21/21,19.3
Arkansas,6/21/21,25.7
California,6/21/21,16.3
Colorado,6/21/21,20
Connecticut,6/21/21,20.8
Delaware,6/21/21,21.8
District of Columbia,6/21/21,25.1
Florida,6/21/21,19.6
Georgia,6/21/21,20.5
Hawaii,6/21/21,14.4
Idaho,6/21/21,26.3
Illinois,6/21/21,21.6
Indiana,6/21/21,27.6
Iowa,6/21/21,28.1
Kansas,6/21/21,22.1
Kentucky,6/21/21,24.4
Louisiana,6/21/21,29.2
Maine,6/21/21,27.1
Maryland,6/21/21,21.8
Massachusetts,6/21/21,20.6
Michigan,6/21/21,22.4
Minnesota,6/21/21,26.6
Mississippi,6/21/21,22.4
Missouri,6/21/21,23.9
Montana,6/21/21,22.4
Nebraska,6/21/21,21.2
Nevada,6/21/21,17.9
New Hampshire,6/21/21,20.9
New Jersey,6/21/21,18.4
New Mexico,6/21/21,23
New York,6/21/21,16.6
North Carolina,6/21/21,22.5
North Dakota,6/21/21,25.1
Ohio,6/21/21,23.4
Oklahoma,6/21/21,27.5
Oregon,6/21/21,21
Pennsylvania,6/21/21,21.5
Rhode Island,6/21/21,24.9
South Carolina,6/21/21,25
South Dakota,6/21/21,21.2
Tennessee,6/21/21,22.5
Texas,6/21/21,20.5
Utah,6/21/21,26.9
Vermont,6/21/21,24.4
Virginia,6/21/21,19.6
Washington,6/21/21,21
West Virginia,6/21/21,24.9
Wisconsin,6/21/21,20.6
Wyoming,6/21/21,19.5
Alabama,7/5/21,26
Alaska,7/5/21,17.1
Arizona,7/5/21,20.6
Arkansas,7/5/21,23.1
California,7/5/21,16.2
Colorado,7/5/21,20.5
Connecticut,7/5/21,20.3
Delaware,7/5/21,22.5
District of Columbia,7/5/21,19.9
Florida,7/5/21,18
Georgia,7/5/21,21.8
Hawaii,7/5/21,15.9
Idaho,7/5/21,28.4
Illinois,7/5/21,20.5
Indiana,7/5/21,24
Iowa,7/5/21,22.5
Kansas,7/5/21,21.7
Kentucky,7/5/21,24
Louisiana,7/5/21,25
Maine,7/5/21,24.6
Maryland,7/5/21,21.9
Massachusetts,7/5/21,26.3
Michigan,7/5/21,24.3
Minnesota,7/5/21,21.7
Mississippi,7/5/21,21.8
Missouri,7/5/21,25.1
Montana,7/5/21,23.5
Nebraska,7/5/21,25.1
Nevada,7/5/21,16.9
New Hampshire,7/5/21,23.6
New Jersey,7/5/21,18.8
New Mexico,7/5/21,23.1
New York,7/5/21,18
North Carolina,7/5/21,28.1
North Dakota,7/5/21,20.2
Ohio,7/5/21,24.9
Oklahoma,7/5/21,26.6
Oregon,7/5/21,24.2
Pennsylvania,7/5/21,23.9
Rhode Island,7/5/21,25.9
South Carolina,7/5/21,25.3
South Dakota,7/5/21,18.5
Tennessee,7/5/21,24.9
Texas,7/5/21,17.1
Utah,7/5/21,26.9
Vermont,7/5/21,27.2
Virginia,7/5/21,22.6
Washington,7/5/21,23.1
West Virginia,7/5/21,27.2
Wisconsin,7/5/21,20
Wyoming,7/5/21,17
Alabama,8/2/21,26.8
Alaska,8/2/21,25.9
Arizona,8/2/21,21.2
Arkansas,8/2/21,30.6
California,8/2/21,17.8
Colorado,8/2/21,23.6
Connecticut,8/2/21,20.9
Delaware,8/2/21,21.1
District of Columbia,8/2/21,23.6
Florida,8/2/21,21.5
Georgia,8/2/21,24.7
Hawaii,8/2/21,13.1
Idaho,8/2/21,24.4
Illinois,8/2/21,22
Indiana,8/2/21,28.7
Iowa,8/2/21,23.8
Kansas,8/2/21,24.9
Kentucky,8/2/21,24.9
Louisiana,8/2/21,29.1
Maine,8/2/21,26.7
Maryland,8/2/21,19.7
Massachusetts,8/2/21,25.7
Michigan,8/2/21,19.8
Minnesota,8/2/21,29.8
Mississippi,8/2/21,28.7
Missouri,8/2/21,27.4
Montana,8/2/21,23.9
Nebraska,8/2/21,26.2
Nevada,8/2/21,18
New Hampshire,8/2/21,24
New Jersey,8/2/21,20.4
New Mexico,8/2/21,19.9
New York,8/2/21,17.1
North Carolina,8/2/21,26.3
North Dakota,8/2/21,21.8
Ohio,8/2/21,27.6
Oklahoma,8/2/21,28.6
Oregon,8/2/21,24.4
Pennsylvania,8/2/21,23.1
Rhode Island,8/2/21,27.7
South Carolina,8/2/21,22.9
South Dakota,8/2/21,20
Tennessee,8/2/21,21.4
Texas,8/2/21,18.8
Utah,8/2/21,27.9
Vermont,8/2/21,21.1
Virginia,8/2/21,23.6
Washington,8/2/21,21.7
West Virginia,8/2/21,30.4
Wisconsin,8/2/21,25
Wyoming,8/2/21,22.6
Alabama,8/16/21,25.8
Alaska,8/16/21,17.2
Arizona,8/16/21,19.7
Arkansas,8/16/21,24.3
California,8/16/21,15.9
Colorado,8/16/21,22.8
Connecticut,8/16/21,21.5
Delaware,8/16/21,26.1
District of Columbia,8/16/21,18.9
Florida,8/16/21,22.2
Georgia,8/16/21,22.7
Hawaii,8/16/21,10.9
Idaho,8/16/21,23.5
Illinois,8/16/21,22.8
Indiana,8/16/21,26.3
Iowa,8/16/21,26.7
Kansas,8/16/21,25.3
Kentucky,8/16/21,30.8
Louisiana,8/16/21,24.3
Maine,8/16/21,26
Maryland,8/16/21,21
Massachusetts,8/16/21,23.4
Michigan,8/16/21,23.8
Minnesota,8/16/21,25.8
Mississippi,8/16/21,26.2
Missouri,8/16/21,28.6
Montana,8/16/21,20.3
Nebraska,8/16/21,24.4
Nevada,8/16/21,17
New Hampshire,8/16/21,25.7
New Jersey,8/16/21,18.4
New Mexico,8/16/21,22.3
New York,8/16/21,18.1
North Carolina,8/16/21,24.7
North Dakota,8/16/21,22.1
Ohio,8/16/21,23.9
Oklahoma,8/16/21,28.1
Oregon,8/16/21,24.2
Pennsylvania,8/16/21,25.2
Rhode Island,8/16/21,26.7
South Carolina,8/16/21,23.2
South Dakota,8/16/21,23.4
Tennessee,8/16/21,24.7
Texas,8/16/21,19.3
Utah,8/16/21,27.2
Vermont,8/16/21,29.5
Virginia,8/16/21,20.8
Washington,8/16/21,23.3
West Virginia,8/16/21,28.3
Wisconsin,8/16/21,25.1
Wyoming,8/16/21,21.4
Alabama,8/30/21,31.4
Alaska,8/30/21,21.6
Arizona,8/30/21,18.5
Arkansas,8/30/21,27
California,8/30/21,16
Colorado,8/30/21,20.3
Connecticut,8/30/21,22.5
Delaware,8/30/21,18.8
District of Columbia,8/30/21,23
Florida,8/30/21,21.1
Georgia,8/30/21,19.1
Hawaii,8/30/21,13.7
Idaho,8/30/21,22.6
Illinois,8/30/21,20.4
Indiana,8/30/21,26.3
Iowa,8/30/21,30.1
Kansas,8/30/21,23.4
Kentucky,8/30/21,30.1
Louisiana,8/30/21,24.9
Maine,8/30/21,23.5
Maryland,8/30/21,18.6
Massachusetts,8/30/21,24.3
Michigan,8/30/21,21.5
Minnesota,8/30/21,23.8
Mississippi,8/30/21,24.7
Missouri,8/30/21,23.3
Montana,8/30/21,23.3
Nebraska,8/30/21,29
Nevada,8/30/21,16.1
New Hampshire,8/30/21,26.4
New Jersey,8/30/21,18.5
New Mexico,8/30/21,20
New York,8/30/21,16.8
North Carolina,8/30/21,26.6
North Dakota,8/30/21,30.1
Ohio,8/30/21,27.2
Oklahoma,8/30/21,25.7
Oregon,8/30/21,22.5
Pennsylvania,8/30/21,25.2
Rhode Island,8/30/21,24
South Carolina,8/30/21,27.5
South Dakota,8/30/21,26.5
Tennessee,8/30/21,24.9
Texas,8/30/21,17.4
Utah,8/30/21,27.4
Vermont,8/30/21,27.4
Virginia,8/30/21,20.8
Washington,8/30/21,23.7
West Virginia,8/30/21,30.8
Wisconsin,8/30/21,22.7
Wyoming,8/30/21,21.7
Alabama,9/13/21,25.6
Alaska,9/13/21,16.5
Arizona,9/13/21,19
Arkansas,9/13/21,28.3
California,9/13/21,17.2
Colorado,9/13/21,23.7
Connecticut,9/13/21,24.9
Delaware,9/13/21,22.2
District of Columbia,9/13/21,21.3
Florida,9/13/21,21.4
Georgia,9/13/21,20.5
Hawaii,9/13/21,11.8
Idaho,9/13/21,23.9
Illinois,9/13/21,21.5
Indiana,9/13/21,26
Iowa,9/13/21,26.1
Kansas,9/13/21,29
Kentucky,9/13/21,25.8
Louisiana,9/13/21,27.6
Maine,9/13/21,26.7
Maryland,9/13/21,20.1
Massachusetts,9/13/21,27.4
Michigan,9/13/21,25.2
Minnesota,9/13/21,19.7
Mississippi,9/13/21,25.1
Missouri,9/13/21,24.3
Montana,9/13/21,22.5
Nebraska,9/13/21,25.2
Nevada,9/13/21,17.4
New Hampshire,9/13/21,26.5
New Jersey,9/13/21,21
New Mexico,9/13/21,22.7
New York,9/13/21,17.2
North Carolina,9/13/21,25.9
North Dakota,9/13/21,22.3
Ohio,9/13/21,27.2
Oklahoma,9/13/21,23.8
Oregon,9/13/21,24.7
Pennsylvania,9/13/21,24.5
Rhode Island,9/13/21,27.1
South Carolina,9/13/21,26.8
South Dakota,9/13/21,20.3
Tennessee,9/13/21,25
Texas,9/13/21,19.7
Utah,9/13/21,26.6
Vermont,9/13/21,29.3
Virginia,9/13/21,23.5
Washington,9/13/21,22.1
West Virginia,9/13/21,27.7
Wisconsin,9/13/21,24.3
Wyoming,9/13/21,20.6
Alabama,9/27/21,25.6
Alaska,9/27/21,18
Arizona,9/27/21,21
Arkansas,9/27/21,28.5
California,9/27/21,17
Colorado,9/27/21,23.1
Connecticut,9/27/21,22.6
Delaware,9/27/21,19.8
District of Columbia,9/27/21,23.4
Florida,9/27/21,20.7
Georgia,9/27/21,22.9
Hawaii,9/27/21,14.4
Idaho,9/27/21,25.9
Illinois,9/27/21,22.1
Indiana,9/27/21,24.3
Iowa,9/27/21,27.9
Kansas,9/27/21,29.5
Kentucky,9/27/21,28.9
Louisiana,9/27/21,23.3
Maine,9/27/21,27.3
Maryland,9/27/21,21.3
Massachusetts,9/27/21,24
Michigan,9/27/21,23.3
Minnesota,9/27/21,24
Mississippi,9/27/21,24.3
Missouri,9/27/21,30.3
Montana,9/27/21,25.5
Nebraska,9/27/21,21.3
Nevada,9/27/21,20.2
New Hampshire,9/27/21,27.2
New Jersey,9/27/21,16.5
New Mexico,9/27/21,24.9
New York,9/27/21,20.4
North Carolina,9/27/21,24.5
North Dakota,9/27/21,20.9
Ohio,9/27/21,23.4
Oklahoma,9/27/21,26.5
Oregon,9/27/21,25.9
Pennsylvania,9/27/21,25.9
Rhode Island,9/27/21,26.8
South Carolina,9/27/21,26.4
South Dakota,9/27/21,28.8
Tennessee,9/27/21,25.6
Texas,9/27/21,19.5
Utah,9/27/21,25.9
Vermont,9/27/21,25.2
Virginia,9/27/21,19.5
Washington,9/27/21,26.1
West Virginia,9/27/21,30.8
Wisconsin,9/27/21,25.1
Wyoming,9/27/21,22.7
Alabama,10/11/21,28.8
Alaska,10/11/21,21.6
Arizona,10/11/21,23.1
Arkansas,10/11/21,33.6
California,10/11/21,15.4
Colorado,10/11/21,25.6
Connecticut,10/11/21,19.6
Delaware,10/11/21,21.8
District of Columbia,10/11/21,18.3
Florida,10/11/21,17.3
Georgia,10/11/21,22.3
Hawaii,10/11/21,12.7
Idaho,10/11/21,25.4
Illinois,10/11/21,20.7
Indiana,10/11/21,28.2
Iowa,10/11/21,24.1
Kansas,10/11/21,26.2
Kentucky,10/11/21,28.6
Louisiana,10/11/21,30.8
Maine,10/11/21,23.4
Maryland,10/11/21,21.3
Massachusetts,10/11/21,24
Michigan,10/11/21,26
Minnesota,10/11/21,23.2
Mississippi,10/11/21,27
Missouri,10/11/21,27.8
Montana,10/11/21,17.5
Nebraska,10/11/21,25.8
Nevada,10/11/21,15.3
New Hampshire,10/11/21,25.7
New Jersey,10/11/21,20.5
New Mexico,10/11/21,21.8
New York,10/11/21,22.6
North Carolina,10/11/21,26.4
North Dakota,10/11/21,25.9
Ohio,10/11/21,26.2
Oklahoma,10/11/21,26.3
Oregon,10/11/21,26
Pennsylvania,10/11/21,28.3
Rhode Island,10/11/21,26.3
South Carolina,10/11/21,24.1
South Dakota,10/11/21,23.6
Tennessee,10/11/21,24.6
Texas,10/11/21,20.5
Utah,10/11/21,27
Vermont,10/11/21,20.6
Virginia,10/11/21,20.2
Washington,10/11/21,22.3
West Virginia,10/11/21,31.7
Wisconsin,10/11/21,18
Wyoming,10/11/21,27.4
Alabama,12/13/21,22.8
Alaska,12/13/21,14.5
Arizona,12/13/21,21
Arkansas,12/13/21,27.8
California,12/13/21,16.1
Colorado,12/13/21,22.1
Connecticut,12/13/21,23.9
Delaware,12/13/21,20.2
District of Columbia,12/13/21,21.2
Florida,12/13/21,21.1
Georgia,12/13/21,20.1
Hawaii,12/13/21,12.4
Idaho,12/13/21,26.8
Illinois,12/13/21,20.2
Indiana,12/13/21,24
Iowa,12/13/21,28.3
Kansas,12/13/21,25.9
Kentucky,12/13/21,31.7
Louisiana,12/13/21,21.8
Maine,12/13/21,31.2
Maryland,12/13/21,22.1
Massachusetts,12/13/21,22.3
Michigan,12/13/21,22.1
Minnesota,12/13/21,24.9
Mississippi,12/13/21,27
Missouri,12/13/21,28.9
Montana,12/13/21,22.8
Nebraska,12/13/21,24.5
Nevada,12/13/21,15.3
New Hampshire,12/13/21,22.9
New Jersey,12/13/21,15.3
New Mexico,12/13/21,20
New York,12/13/21,20.3
North Carolina,12/13/21,29
North Dakota,12/13/21,28.6
Ohio,12/13/21,24.5
Oklahoma,12/13/21,30.7
Oregon,12/13/21,24.3
Pennsylvania,12/13/21,23.5
Rhode Island,12/13/21,25.2
South Carolina,12/13/21,24.6
South Dakota,12/13/21,18.2
Tennessee,12/13/21,28
Texas,12/13/21,18.6
Utah,12/13/21,28.8
Vermont,12/13/21,22.7
Virginia,12/13/21,25.1
Washington,12/13/21,24.7
West Virginia,12/13/21,34.4
Wisconsin,12/13/21,28.2
Wyoming,12/13/21,20.1
Alabama,1/10/22,24
Alaska,1/10/22,20
Arizona,1/10/22,20.9
Arkansas,1/10/22,29.6
California,1/10/22,19
Colorado,1/10/22,26.3
Connecticut,1/10/22,19.6
Delaware,1/10/22,28.6
District of Columbia,1/10/22,17.2
Florida,1/10/22,20.6
Georgia,1/10/22,18.7
Hawaii,1/10/22,14.3
Idaho,1/10/22,23
Illinois,1/10/22,20.4
Indiana,1/10/22,26.3
Iowa,1/10/22,27.6
Kansas,1/10/22,26.1
Kentucky,1/10/22,30.2
Louisiana,1/10/22,28.7
Maine,1/10/22,23.4
Maryland,1/10/22,20.1
Massachusetts,1/10/22,23
Michigan,1/10/22,23.6
Minnesota,1/10/22,26.2
Mississippi,1/10/22,21.9
Missouri,1/10/22,27.6
Montana,1/10/22,28.6
Nebraska,1/10/22,27.4
Nevada,1/10/22,19.1
New Hampshire,1/10/22,26.5
New Jersey,1/10/22,16.9
New Mexico,1/10/22,24.3
New York,1/10/22,18.2
North Carolina,1/10/22,17.7
North Dakota,1/10/22,25.3
Ohio,1/10/22,23
Oklahoma,1/10/22,26
Oregon,1/10/22,25.1
Pennsylvania,1/10/22,24.2
Rhode Island,1/10/22,24.5
South Carolina,1/10/22,24.9
South Dakota,1/10/22,27.3
Tennessee,1/10/22,26.6
Texas,1/10/22,22.2
Utah,1/10/22,27.8
Vermont,1/10/22,30.4
Virginia,1/10/22,23.2
Washington,1/10/22,23.3
West Virginia,1/10/22,30.9
Wisconsin,1/10/22,24.5
Wyoming,1/10/22,18.5
Alabama,2/7/22,28.4
Alaska,2/7/22,14.8
Arizona,2/7/22,22.1
Arkansas,2/7/22,29.7
California,2/7/22,16.9
Colorado,2/7/22,18.7
Connecticut,2/7/22,24.1
Delaware,2/7/22,26.2
District of Columbia,2/7/22,18.6
Florida,2/7/22,18.3
Georgia,2/7/22,20.5
Hawaii,2/7/22,11.8
Idaho,2/7/22,20.5
Illinois,2/7/22,21.4
Indiana,2/7/22,28.4
Iowa,2/7/22,27.2
Kansas,2/7/22,23.3
Kentucky,2/7/22,28.5
Louisiana,2/7/22,24.6
Maine,2/7/22,30.7
Maryland,2/7/22,22.5
Massachusetts,2/7/22,22.1
Michigan,2/7/22,27.2
Minnesota,2/7/22,25.2
Mississippi,2/7/22,21
Missouri,2/7/22,26.2
Montana,2/7/22,22.8
Nebraska,2/7/22,24.2
Nevada,2/7/22,16.4
New Hampshire,2/7/22,27.7
New Jersey,2/7/22,21.5
New Mexico,2/7/22,21.9
New York,2/7/22,18.6
North Carolina,2/7/22,24.5
North Dakota,2/7/22,25.1
Ohio,2/7/22,24.4
Oklahoma,2/7/22,25.2
Oregon,2/7/22,23.2
Pennsylvania,2/7/22,28.2
Rhode Island,2/7/22,24.9
South Carolina,2/7/22,24.2
South Dakota,2/7/22,26.5
Tennessee,2/7/22,24
Texas,2/7/22,20.6
Utah,2/7/22,26.5
Vermont,2/7/22,26.3
Virginia,2/7/22,20.2
Washington,2/7/22,19.7
West Virginia,2/7/22,37
Wisconsin,2/7/22,25
Wyoming,2/7/22,18.8
Alabama,3/14/22,26.3
Alaska,3/14/22,19.2
Arizona,3/14/22,21.3
Arkansas,3/14/22,27.3
California,3/14/22,16.9
Colorado,3/14/22,20.1
Connecticut,3/14/22,22.5
Delaware,3/14/22,20.2
District of Columbia,3/14/22,24.7
Florida,3/14/22,21.3
Georgia,3/14/22,19.2
Hawaii,3/14/22,13.7
Idaho,3/14/22,24.5
Illinois,3/14/22,21.8
Indiana,3/14/22,29
Iowa,3/14/22,27.2
Kansas,3/14/22,26.2
Kentucky,3/14/22,23.3
Louisiana,3/14/22,22.4
Maine,3/14/22,30.7
Maryland,3/14/22,18.4
Massachusetts,3/14/22,24.5
Michigan,3/14/22,23.9
Minnesota,3/14/22,27.8
Mississippi,3/14/22,23.8
Missouri,3/14/22,22.1
Montana,3/14/22,23.4
Nebraska,3/14/22,26.4
Nevada,3/14/22,18.7
New Hampshire,3/14/22,21.5
New Jersey,3/14/22,17.4
New Mexico,3/14/22,19.2
New York,3/14/22,21
North Carolina,3/14/22,22.5
North Dakota,3/14/22,20.2
Ohio,3/14/22,24.7
Oklahoma,3/14/22,29.6
Oregon,3/14/22,25.3
Pennsylvania,3/14/22,26.3
Rhode Island,3/14/22,23.8
South Carolina,3/14/22,25.5
South Dakota,3/14/22,23.8
Tennessee,3/14/22,25.5
Texas,3/14/22,20.4
Utah,3/14/22,27.7
Vermont,3/14/22,22.6
Virginia,3/14/22,23.7
Washington,3/14/22,21.5
West Virginia,3/14/22,35.4
Wisconsin,3/14/22,24.2
Wyoming,3/14/22,18.9
Alabama,4/11/22,27.9
Alaska,4/11/22,18.8
Arizona,4/11/22,19.2
Arkansas,4/11/22,27.8
California,4/11/22,21.5
Colorado,4/11/22,24.8
Connecticut,4/11/22,23.2
Delaware,4/11/22,23.7
District of Columbia,4/11/22,20
Florida,4/11/22,22.5
Georgia,4/11/22,21.3
Hawaii,4/11/22,10.4
Idaho,4/11/22,26.3
Illinois,4/11/22,23.3
Indiana,4/11/22,27
Iowa,4/11/22,25.4
Kansas,4/11/22,28.1
Kentucky,4/11/22,33.7
Louisiana,4/11/22,27.5
Maine,4/11/22,30.1
Maryland,4/11/22,23.6
Massachusetts,4/11/22,25.5
Michigan,4/11/22,23.7
Minnesota,4/11/22,25.1
Mississippi,4/11/22,21.7
Missouri,4/11/22,25.3
Montana,4/11/22,20.8
Nebraska,4/11/22,29.4
Nevada,4/11/22,20.1
New Hampshire,4/11/22,26.5
New Jersey,4/11/22,19.4
New Mexico,4/11/22,21.5
New York,4/11/22,18.8
North Carolina,4/11/22,22.8
North Dakota,4/11/22,28.7
Ohio,4/11/22,25.5
Oklahoma,4/11/22,29.9
Oregon,4/11/22,23.3
Pennsylvania,4/11/22,24.3
Rhode Island,4/11/22,25.7
South Carolina,4/11/22,24.5
South Dakota,4/11/22,22.4
Tennessee,4/11/22,27.2
Texas,4/11/22,21.8
Utah,4/11/22,29.5
Vermont,4/11/22,21.6
Virginia,4/11/22,25.1
Washington,4/11/22,23
West Virginia,4/11/22,28.7
Wisconsin,4/11/22,27.3
Wyoming,4/11/22,20.9
Alabama,5/9/22,26.6
Alaska,5/9/22,22.1
Arizona,5/9/22,18.1
Arkansas,5/9/22,27.9
California,5/9/22,16.4
Colorado,5/9/22,22.6
Connecticut,5/9/22,25.7
Delaware,5/9/22,20.5
District of Columbia,5/9/22,20.9
Florida,5/9/22,22.5
Georgia,5/9/22,19.9
Hawaii,5/9/22,16.8
Idaho,5/9/22,23.5
Illinois,5/9/22,22.1
Indiana,5/9/22,25.7
Iowa,5/9/22,27.1
Kansas,5/9/22,28.6
Kentucky,5/9/22,34.8
Louisiana,5/9/22,26.6
Maine,5/9/22,24.3
Maryland,5/9/22,22.8
Massachusetts,5/9/22,28
Michigan,5/9/22,23.9
Minnesota,5/9/22,29.6
Mississippi,5/9/22,26.7
Missouri,5/9/22,27.1
Montana,5/9/22,18.3
Nebraska,5/9/22,29.1
Nevada,5/9/22,16.4
New Hampshire,5/9/22,28.4
New Jersey,5/9/22,19.4
New Mexico,5/9/22,20.9
New York,5/9/22,20.4
North Carolina,5/9/22,24.2
North Dakota,5/9/22,28.5
Ohio,5/9/22,27.5
Oklahoma,5/9/22,27.3
Oregon,5/9/22,28.7
Pennsylvania,5/9/22,24.5
Rhode Island,5/9/22,26.7
South Carolina,5/9/22,24.9
South Dakota,5/9/22,25.3
Tennessee,5/9/22,23.6
Texas,5/9/22,21
Utah,5/9/22,29.1
Vermont,5/9/22,25.2
Virginia,5/9/22,26.7
Washington,5/9/22,28.3
West Virginia,5/9/22,35.7
Wisconsin,5/9/22,25.2
Wyoming,5/9/22,21.8