﻿group,period_end,value
Alabama,5/5/20,30.3
Alaska,5/5/20,31.5
Arizona,5/5/20,36.4
Arkansas,5/5/20,38
California,5/5/20,37.4
Colorado,5/5/20,35.9
Connecticut,5/5/20,40.2
Delaware,5/5/20,34.7
District of Columbia,5/5/20,37.6
Florida,5/5/20,36.8
Georgia,5/5/20,36.2
Hawaii,5/5/20,37
Idaho,5/5/20,33.3
Illinois,5/5/20,36.6
Indiana,5/5/20,37.8
Iowa,5/5/20,28.2
Kansas,5/5/20,32.5
Kentucky,5/5/20,36.4
Louisiana,5/5/20,38.9
Maine,5/5/20,34.3
Maryland,5/5/20,32.9
Massachusetts,5/5/20,40.6
Michigan,5/5/20,39.4
Minnesota,5/5/20,32.4
Mississippi,5/5/20,34.5
Missouri,5/5/20,35.2
Montana,5/5/20,27.3
Nebraska,5/5/20,28.6
Nevada,5/5/20,34.8
New Hampshire,5/5/20,34.8
New Jersey,5/5/20,37.6
New Mexico,5/5/20,34.6
New York,5/5/20,41.4
North Carolina,5/5/20,34.6
North Dakota,5/5/20,27.7
Ohio,5/5/20,35.1
Oklahoma,5/5/20,34.1
Oregon,5/5/20,36.8
Pennsylvania,5/5/20,35.1
Rhode Island,5/5/20,34.4
South Carolina,5/5/20,33.3
South Dakota,5/5/20,25.6
Tennessee,5/5/20,33.4
Texas,5/5/20,34.9
Utah,5/5/20,34.7
Vermont,5/5/20,33.9
Virginia,5/5/20,33.7
Washington,5/5/20,35
West Virginia,5/5/20,34.3
Wisconsin,5/5/20,31.1
Wyoming,5/5/20,31
Alabama,5/12/20,30.6
Alaska,5/12/20,35.7
Arizona,5/12/20,38.4
Arkansas,5/12/20,33
California,5/12/20,34.4
Colorado,5/12/20,32.2
Connecticut,5/12/20,36
Delaware,5/12/20,31.6
District of Columbia,5/12/20,40.6
Florida,5/12/20,33.6
Georgia,5/12/20,34.3
Hawaii,5/12/20,27.1
Idaho,5/12/20,29.2
Illinois,5/12/20,41.8
Indiana,5/12/20,34.9
Iowa,5/12/20,26.1
Kansas,5/12/20,28
Kentucky,5/12/20,37.7
Louisiana,5/12/20,42.8
Maine,5/12/20,32.9
Maryland,5/12/20,34.6
Massachusetts,5/12/20,31
Michigan,5/12/20,33.4
Minnesota,5/12/20,27.2
Mississippi,5/12/20,48.4
Missouri,5/12/20,41.3
Montana,5/12/20,27.6
Nebraska,5/12/20,33.4
Nevada,5/12/20,38.1
New Hampshire,5/12/20,35
New Jersey,5/12/20,39.6
New Mexico,5/12/20,39.8
New York,5/12/20,36.9
North Carolina,5/12/20,28.1
North Dakota,5/12/20,28.6
Ohio,5/12/20,32.8
Oklahoma,5/12/20,31
Oregon,5/12/20,29.9
Pennsylvania,5/12/20,32
Rhode Island,5/12/20,33.8
South Carolina,5/12/20,33.1
South Dakota,5/12/20,29.8
Tennessee,5/12/20,34.7
Texas,5/12/20,35.9
Utah,5/12/20,30.4
Vermont,5/12/20,35.7
Virginia,5/12/20,30.6
Washington,5/12/20,35
West Virginia,5/12/20,39
Wisconsin,5/12/20,29.7
Wyoming,5/12/20,27.9
Alabama,5/19/20,25.2
Alaska,5/19/20,32.7
Arizona,5/19/20,32.1
Arkansas,5/19/20,35.2
California,5/19/20,38.8
Colorado,5/19/20,33.1
Connecticut,5/19/20,33.9
Delaware,5/19/20,31.8
District of Columbia,5/19/20,37.3
Florida,5/19/20,33.5
Georgia,5/19/20,33.6
Hawaii,5/19/20,29.1
Idaho,5/19/20,27.6
Illinois,5/19/20,35.2
Indiana,5/19/20,37.3
Iowa,5/19/20,23.8
Kansas,5/19/20,31.1
Kentucky,5/19/20,35.5
Louisiana,5/19/20,34.2
Maine,5/19/20,34.2
Maryland,5/19/20,32.7
Massachusetts,5/19/20,32
Michigan,5/19/20,35
Minnesota,5/19/20,29.7
Mississippi,5/19/20,44.3
Missouri,5/19/20,35.4
Montana,5/19/20,29.7
Nebraska,5/19/20,26.2
Nevada,5/19/20,36.9
New Hampshire,5/19/20,28.8
New Jersey,5/19/20,39.3
New Mexico,5/19/20,37.4
New York,5/19/20,34.9
North Carolina,5/19/20,32.2
North Dakota,5/19/20,31.9
Ohio,5/19/20,33.9
Oklahoma,5/19/20,29.8
Oregon,5/19/20,31.7
Pennsylvania,5/19/20,30
Rhode Island,5/19/20,26.2
South Carolina,5/19/20,31.3
South Dakota,5/19/20,27.8
Tennessee,5/19/20,32.5
Texas,5/19/20,34.8
Utah,5/19/20,30.3
Vermont,5/19/20,29.6
Virginia,5/19/20,32.2
Washington,5/19/20,33
West Virginia,5/19/20,34.3
Wisconsin,5/19/20,28
Wyoming,5/19/20,28
Alabama,5/26/20,28.8
Alaska,5/26/20,36.4
Arizona,5/26/20,35.5
Arkansas,5/26/20,33.8
California,5/26/20,36.2
Colorado,5/26/20,33.5
Connecticut,5/26/20,28
Delaware,5/26/20,31.1
District of Columbia,5/26/20,34.2
Florida,5/26/20,39.1
Georgia,5/26/20,37.5
Hawaii,5/26/20,26.6
Idaho,5/26/20,24.8
Illinois,5/26/20,35.6
Indiana,5/26/20,35.2
Iowa,5/26/20,25.9
Kansas,5/26/20,33.2
Kentucky,5/26/20,34.7
Louisiana,5/26/20,41.4
Maine,5/26/20,27.8
Maryland,5/26/20,31.6
Massachusetts,5/26/20,29.5
Michigan,5/26/20,32.8
Minnesota,5/26/20,26.1
Mississippi,5/26/20,37.8
Missouri,5/26/20,32.9
Montana,5/26/20,30.7
Nebraska,5/26/20,28.1
Nevada,5/26/20,40.7
New Hampshire,5/26/20,31.1
New Jersey,5/26/20,31.1
New Mexico,5/26/20,39.1
New York,5/26/20,34.4
North Carolina,5/26/20,32.3
North Dakota,5/26/20,28.1
Ohio,5/26/20,34.6
Oklahoma,5/26/20,32.8
Oregon,5/26/20,35.3
Pennsylvania,5/26/20,33.9
Rhode Island,5/26/20,33.8
South Carolina,5/26/20,32.2
South Dakota,5/26/20,36.3
Tennessee,5/26/20,33.1
Texas,5/26/20,37.7
Utah,5/26/20,31.9
Vermont,5/26/20,28.8
Virginia,5/26/20,33.1
Washington,5/26/20,31.8
West Virginia,5/26/20,37.9
Wisconsin,5/26/20,28.9
Wyoming,5/26/20,28.3
Alabama,6/2/20,37.5
Alaska,6/2/20,31.6
Arizona,6/2/20,32.6
Arkansas,6/2/20,39
California,6/2/20,38.6
Colorado,6/2/20,33.6
Connecticut,6/2/20,35.1
Delaware,6/2/20,30.3
District of Columbia,6/2/20,33
Florida,6/2/20,40
Georgia,6/2/20,34.9
Hawaii,6/2/20,26.1
Idaho,6/2/20,31.8
Illinois,6/2/20,37
Indiana,6/2/20,36.2
Iowa,6/2/20,32.9
Kansas,6/2/20,32
Kentucky,6/2/20,39
Louisiana,6/2/20,36.3
Maine,6/2/20,29.3
Maryland,6/2/20,30.8
Massachusetts,6/2/20,29.9
Michigan,6/2/20,34.5
Minnesota,6/2/20,30
Mississippi,6/2/20,38.7
Missouri,6/2/20,33.7
Montana,6/2/20,28.6
Nebraska,6/2/20,26.6
Nevada,6/2/20,34.2
New Hampshire,6/2/20,31.8
New Jersey,6/2/20,36.5
New Mexico,6/2/20,39.5
New York,6/2/20,34.8
North Carolina,6/2/20,33
North Dakota,6/2/20,26
Ohio,6/2/20,37
Oklahoma,6/2/20,38.6
Oregon,6/2/20,39.5
Pennsylvania,6/2/20,35.1
Rhode Island,6/2/20,34
South Carolina,6/2/20,35.6
South Dakota,6/2/20,29.7
Tennessee,6/2/20,33.6
Texas,6/2/20,36.9
Utah,6/2/20,34.5
Vermont,6/2/20,35.3
Virginia,6/2/20,31.4
Washington,6/2/20,36.7
West Virginia,6/2/20,38.9
Wisconsin,6/2/20,26.7
Wyoming,6/2/20,32.9
Alabama,6/9/20,36.9
Alaska,6/9/20,35.2
Arizona,6/9/20,36.8
Arkansas,6/9/20,38.2
California,6/9/20,39.7
Colorado,6/9/20,34.7
Connecticut,6/9/20,32.8
Delaware,6/9/20,33
District of Columbia,6/9/20,39.5
Florida,6/9/20,40.7
Georgia,6/9/20,35.7
Hawaii,6/9/20,27.5
Idaho,6/9/20,32
Illinois,6/9/20,39.5
Indiana,6/9/20,32.1
Iowa,6/9/20,34.9
Kansas,6/9/20,36.6
Kentucky,6/9/20,37.6
Louisiana,6/9/20,36.5
Maine,6/9/20,35.4
Maryland,6/9/20,26.9
Massachusetts,6/9/20,31
Michigan,6/9/20,28.1
Minnesota,6/9/20,31
Mississippi,6/9/20,38.4
Missouri,6/9/20,29.5
Montana,6/9/20,30.4
Nebraska,6/9/20,31
Nevada,6/9/20,38.5
New Hampshire,6/9/20,35.1
New Jersey,6/9/20,33.8
New Mexico,6/9/20,34.7
New York,6/9/20,38.6
North Carolina,6/9/20,36.2
North Dakota,6/9/20,23
Ohio,6/9/20,36.9
Oklahoma,6/9/20,33.7
Oregon,6/9/20,40.5
Pennsylvania,6/9/20,33.9
Rhode Island,6/9/20,29.2
South Carolina,6/9/20,31.4
South Dakota,6/9/20,29.8
Tennessee,6/9/20,38
Texas,6/9/20,39.6
Utah,6/9/20,34.1
Vermont,6/9/20,33.7
Virginia,6/9/20,36.5
Washington,6/9/20,31.9
West Virginia,6/9/20,38.9
Wisconsin,6/9/20,28.3
Wyoming,6/9/20,29.4
Alabama,6/16/20,38.1
Alaska,6/16/20,36.5
Arizona,6/16/20,33.3
Arkansas,6/16/20,39
California,6/16/20,37.9
Colorado,6/16/20,33.5
Connecticut,6/16/20,38.7
Delaware,6/16/20,34.7
District of Columbia,6/16/20,28.9
Florida,6/16/20,41.8
Georgia,6/16/20,37.1
Hawaii,6/16/20,35.3
Idaho,6/16/20,27.8
Illinois,6/16/20,34.6
Indiana,6/16/20,39.3
Iowa,6/16/20,31.6
Kansas,6/16/20,37.1
Kentucky,6/16/20,31.9
Louisiana,6/16/20,43.5
Maine,6/16/20,37.9
Maryland,6/16/20,38.3
Massachusetts,6/16/20,29.2
Michigan,6/16/20,32.4
Minnesota,6/16/20,30.5
Mississippi,6/16/20,37.5
Missouri,6/16/20,36.5
Montana,6/16/20,34.2
Nebraska,6/16/20,29.7
Nevada,6/16/20,37.9
New Hampshire,6/16/20,33.4
New Jersey,6/16/20,38.7
New Mexico,6/16/20,25.5
New York,6/16/20,32.9
North Carolina,6/16/20,36.2
North Dakota,6/16/20,33.6
Ohio,6/16/20,35.6
Oklahoma,6/16/20,34.9
Oregon,6/16/20,43.5
Pennsylvania,6/16/20,35
Rhode Island,6/16/20,32.2
South Carolina,6/16/20,35.5
South Dakota,6/16/20,28
Tennessee,6/16/20,31.7
Texas,6/16/20,39.5
Utah,6/16/20,36
Vermont,6/16/20,36.3
Virginia,6/16/20,33.9
Washington,6/16/20,34.2
West Virginia,6/16/20,32.2
Wisconsin,6/16/20,26.5
Wyoming,6/16/20,32.6
Alabama,6/23/20,38
Alaska,6/23/20,37.1
Arizona,6/23/20,40.1
Arkansas,6/23/20,38.2
California,6/23/20,39.1
Colorado,6/23/20,31.4
Connecticut,6/23/20,39.4
Delaware,6/23/20,30.9
District of Columbia,6/23/20,43.1
Florida,6/23/20,39.7
Georgia,6/23/20,36.3
Hawaii,6/23/20,29.4
Idaho,6/23/20,31.7
Illinois,6/23/20,34.2
Indiana,6/23/20,35.9
Iowa,6/23/20,37.4
Kansas,6/23/20,32.9
Kentucky,6/23/20,38.3
Louisiana,6/23/20,46.8
Maine,6/23/20,28.7
Maryland,6/23/20,33.3
Massachusetts,6/23/20,33.7
Michigan,6/23/20,31.9
Minnesota,6/23/20,30.6
Mississippi,6/23/20,37.6
Missouri,6/23/20,32.9
Montana,6/23/20,30.9
Nebraska,6/23/20,31.2
Nevada,6/23/20,45.6
New Hampshire,6/23/20,34.4
New Jersey,6/23/20,34.1
New Mexico,6/23/20,42.5
New York,6/23/20,32.9
North Carolina,6/23/20,34.1
North Dakota,6/23/20,33
Ohio,6/23/20,31.6
Oklahoma,6/23/20,44.5
Oregon,6/23/20,42.4
Pennsylvania,6/23/20,39.8
Rhode Island,6/23/20,32.9
South Carolina,6/23/20,34.4
South Dakota,6/23/20,31
Tennessee,6/23/20,36.6
Texas,6/23/20,36.2
Utah,6/23/20,37.2
Vermont,6/23/20,27.9
Virginia,6/23/20,36.9
Washington,6/23/20,34.7
West Virginia,6/23/20,38.4
Wisconsin,6/23/20,24.6
Wyoming,6/23/20,28.4
Alabama,6/30/20,35.9
Alaska,6/30/20,35.3
Arizona,6/30/20,44.1
Arkansas,6/30/20,37.4
California,6/30/20,38.1
Colorado,6/30/20,37.3
Connecticut,6/30/20,35.3
Delaware,6/30/20,33.2
District of Columbia,6/30/20,39.4
Florida,6/30/20,43.8
Georgia,6/30/20,40.9
Hawaii,6/30/20,38.3
Idaho,6/30/20,40.7
Illinois,6/30/20,39.6
Indiana,6/30/20,38.1
Iowa,6/30/20,34.3
Kansas,6/30/20,31.4
Kentucky,6/30/20,38.5
Louisiana,6/30/20,44.9
Maine,6/30/20,35.6
Maryland,6/30/20,33.6
Massachusetts,6/30/20,34.5
Michigan,6/30/20,34.8
Minnesota,6/30/20,29.9
Mississippi,6/30/20,42.1
Missouri,6/30/20,35.8
Montana,6/30/20,30.6
Nebraska,6/30/20,30.5
Nevada,6/30/20,39.1
New Hampshire,6/30/20,32.4
New Jersey,6/30/20,33.9
New Mexico,6/30/20,39.1
New York,6/30/20,34.3
North Carolina,6/30/20,33.4
North Dakota,6/30/20,34
Ohio,6/30/20,34.6
Oklahoma,6/30/20,43
Oregon,6/30/20,38.9
Pennsylvania,6/30/20,37.5
Rhode Island,6/30/20,35.2
South Carolina,6/30/20,39.4
South Dakota,6/30/20,35
Tennessee,6/30/20,42.4
Texas,6/30/20,40.7
Utah,6/30/20,36.7
Vermont,6/30/20,32.8
Virginia,6/30/20,33.1
Washington,6/30/20,42
West Virginia,6/30/20,45.1
Wisconsin,6/30/20,29.2
Wyoming,6/30/20,34.2
Alabama,7/7/20,39.6
Alaska,7/7/20,32.9
Arizona,7/7/20,42.4
Arkansas,7/7/20,41.2
California,7/7/20,39.4
Colorado,7/7/20,42.4
Connecticut,7/7/20,39
Delaware,7/7/20,31.5
District of Columbia,7/7/20,37.8
Florida,7/7/20,42
Georgia,7/7/20,38
Hawaii,7/7/20,37.1
Idaho,7/7/20,37.7
Illinois,7/7/20,39.4
Indiana,7/7/20,39
Iowa,7/7/20,31.6
Kansas,7/7/20,35.8
Kentucky,7/7/20,39.9
Louisiana,7/7/20,44.8
Maine,7/7/20,36.3
Maryland,7/7/20,36.1
Massachusetts,7/7/20,33.4
Michigan,7/7/20,36.7
Minnesota,7/7/20,31.1
Mississippi,7/7/20,43.7
Missouri,7/7/20,40.6
Montana,7/7/20,34.3
Nebraska,7/7/20,30.9
Nevada,7/7/20,44.8
New Hampshire,7/7/20,35.7
New Jersey,7/7/20,38.2
New Mexico,7/7/20,43.3
New York,7/7/20,39.7
North Carolina,7/7/20,38.4
North Dakota,7/7/20,32.6
Ohio,7/7/20,34.9
Oklahoma,7/7/20,42.9
Oregon,7/7/20,39.7
Pennsylvania,7/7/20,37.2
Rhode Island,7/7/20,34.8
South Carolina,7/7/20,38.6
South Dakota,7/7/20,35.2
Tennessee,7/7/20,41.9
Texas,7/7/20,41.6
Utah,7/7/20,34.7
Vermont,7/7/20,32.2
Virginia,7/7/20,38.5
Washington,7/7/20,42
West Virginia,7/7/20,34.6
Wisconsin,7/7/20,34.1
Wyoming,7/7/20,36
Alabama,7/14/20,40.1
Alaska,7/14/20,39.6
Arizona,7/14/20,44.2
Arkansas,7/14/20,45.1
California,7/14/20,44.5
Colorado,7/14/20,39.2
Connecticut,7/14/20,35.7
Delaware,7/14/20,34.4
District of Columbia,7/14/20,28
Florida,7/14/20,43.6
Georgia,7/14/20,43.6
Hawaii,7/14/20,36.7
Idaho,7/14/20,37.3
Illinois,7/14/20,34
Indiana,7/14/20,40.7
Iowa,7/14/20,28.9
Kansas,7/14/20,35.2
Kentucky,7/14/20,42.2
Louisiana,7/14/20,45.4
Maine,7/14/20,33
Maryland,7/14/20,33.6
Massachusetts,7/14/20,38.2
Michigan,7/14/20,35.6
Minnesota,7/14/20,31.5
Mississippi,7/14/20,46.5
Missouri,7/14/20,38.7
Montana,7/14/20,40.2
Nebraska,7/14/20,34.1
Nevada,7/14/20,46.4
New Hampshire,7/14/20,35.1
New Jersey,7/14/20,42
New Mexico,7/14/20,41.7
New York,7/14/20,38.3
North Carolina,7/14/20,38.3
North Dakota,7/14/20,33.3
Ohio,7/14/20,34.8
Oklahoma,7/14/20,44.7
Oregon,7/14/20,43.9
Pennsylvania,7/14/20,40.3
Rhode Island,7/14/20,42
South Carolina,7/14/20,34.3
South Dakota,7/14/20,34.7
Tennessee,7/14/20,41.9
Texas,7/14/20,45.9
Utah,7/14/20,34.3
Vermont,7/14/20,35.4
Virginia,7/14/20,35.2
Washington,7/14/20,40.5
West Virginia,7/14/20,40.9
Wisconsin,7/14/20,36.6
Wyoming,7/14/20,33
Alabama,7/21/20,43.3
Alaska,7/21/20,38.8
Arizona,7/21/20,44.9
Arkansas,7/21/20,43.5
California,7/21/20,44.1
Colorado,7/21/20,41.5
Connecticut,7/21/20,35.1
Delaware,7/21/20,36.6
District of Columbia,7/21/20,36.1
Florida,7/21/20,40.5
Georgia,7/21/20,40
Hawaii,7/21/20,41.3
Idaho,7/21/20,45.5
Illinois,7/21/20,43.2
Indiana,7/21/20,42
Iowa,7/21/20,37.8
Kansas,7/21/20,39.9
Kentucky,7/21/20,41.7
Louisiana,7/21/20,43.1
Maine,7/21/20,37.8
Maryland,7/21/20,39.3
Massachusetts,7/21/20,35.2
Michigan,7/21/20,40.7
Minnesota,7/21/20,35.7
Mississippi,7/21/20,48
Missouri,7/21/20,37.9
Montana,7/21/20,36
Nebraska,7/21/20,37.3
Nevada,7/21/20,46.8
New Hampshire,7/21/20,40.7
New Jersey,7/21/20,37.6
New Mexico,7/21/20,47.5
New York,7/21/20,41.1
North Carolina,7/21/20,39.5
North Dakota,7/21/20,33.8
Ohio,7/21/20,37.1
Oklahoma,7/21/20,44.1
Oregon,7/21/20,50.2
Pennsylvania,7/21/20,31.8
Rhode Island,7/21/20,44.5
South Carolina,7/21/20,42.3
South Dakota,7/21/20,35.4
Tennessee,7/21/20,43.6
Texas,7/21/20,44.3
Utah,7/21/20,37.8
Vermont,7/21/20,33.2
Virginia,7/21/20,38.3
Washington,7/21/20,43.8
West Virginia,7/21/20,37
Wisconsin,7/21/20,33.3
Wyoming,7/21/20,41.3
Alabama,8/31/20,37.2
Alaska,8/31/20,34.8
Arizona,8/31/20,35.1
Arkansas,8/31/20,35.3
California,8/31/20,38
Colorado,8/31/20,37.6
Connecticut,8/31/20,38.8
Delaware,8/31/20,30.5
District of Columbia,8/31/20,35.3
Florida,8/31/20,39.4
Georgia,8/31/20,38.7
Hawaii,8/31/20,40
Idaho,8/31/20,32.6
Illinois,8/31/20,38.2
Indiana,8/31/20,38.2
Iowa,8/31/20,33.2
Kansas,8/31/20,35.9
Kentucky,8/31/20,38.7
Louisiana,8/31/20,39.7
Maine,8/31/20,39.3
Maryland,8/31/20,34.1
Massachusetts,8/31/20,35.8
Michigan,8/31/20,36.7
Minnesota,8/31/20,31.8
Mississippi,8/31/20,33.2
Missouri,8/31/20,33.5
Montana,8/31/20,30.7
Nebraska,8/31/20,32
Nevada,8/31/20,40.4
New Hampshire,8/31/20,31.5
New Jersey,8/31/20,37.8
New Mexico,8/31/20,38.9
New York,8/31/20,34.4
North Carolina,8/31/20,32.3
North Dakota,8/31/20,29.6
Ohio,8/31/20,37.3
Oklahoma,8/31/20,38.6
Oregon,8/31/20,38.4
Pennsylvania,8/31/20,35.7
Rhode Island,8/31/20,34.2
South Carolina,8/31/20,30.4
South Dakota,8/31/20,24.2
Tennessee,8/31/20,38.4
Texas,8/31/20,37.1
Utah,8/31/20,34.4
Vermont,8/31/20,32
Virginia,8/31/20,35.2
Washington,8/31/20,37.2
West Virginia,8/31/20,34.5
Wisconsin,8/31/20,29.1
Wyoming,8/31/20,35.6
Alabama,9/14/20,38.1
Alaska,9/14/20,33.6
Arizona,9/14/20,39
Arkansas,9/14/20,41.1
California,9/14/20,39.1
Colorado,9/14/20,36.7
Connecticut,9/14/20,36.1
Delaware,9/14/20,33.3
District of Columbia,9/14/20,36.3
Florida,9/14/20,36.4
Georgia,9/14/20,34.3
Hawaii,9/14/20,39.4
Idaho,9/14/20,35.3
Illinois,9/14/20,37.6
Indiana,9/14/20,33.1
Iowa,9/14/20,32
Kansas,9/14/20,32.5
Kentucky,9/14/20,40.3
Louisiana,9/14/20,41.7
Maine,9/14/20,33.7
Maryland,9/14/20,35.4
Massachusetts,9/14/20,32.7
Michigan,9/14/20,36.2
Minnesota,9/14/20,30.6
Mississippi,9/14/20,38.6
Missouri,9/14/20,33.1
Montana,9/14/20,33.1
Nebraska,9/14/20,30.4
Nevada,9/14/20,37.6
New Hampshire,9/14/20,34.9
New Jersey,9/14/20,35.4
New Mexico,9/14/20,40.2
New York,9/14/20,37.7
North Carolina,9/14/20,32.2
North Dakota,9/14/20,26.3
Ohio,9/14/20,36.4
Oklahoma,9/14/20,38.4
Oregon,9/14/20,40.9
Pennsylvania,9/14/20,34.7
Rhode Island,9/14/20,34.9
South Carolina,9/14/20,31.6
South Dakota,9/14/20,29.9
Tennessee,9/14/20,32.4
Texas,9/14/20,38.2
Utah,9/14/20,33.3
Vermont,9/14/20,34.5
Virginia,9/14/20,33.3
Washington,9/14/20,35.4
West Virginia,9/14/20,38.4
Wisconsin,9/14/20,31.3
Wyoming,9/14/20,33.6
Alabama,9/28/20,37.2
Alaska,9/28/20,35.5
Arizona,9/28/20,39.3
Arkansas,9/28/20,31.6
California,9/28/20,42.3
Colorado,9/28/20,37.7
Connecticut,9/28/20,33.5
Delaware,9/28/20,28
District of Columbia,9/28/20,46.4
Florida,9/28/20,36.4
Georgia,9/28/20,35.3
Hawaii,9/28/20,33.3
Idaho,9/28/20,33.2
Illinois,9/28/20,36.3
Indiana,9/28/20,36.6
Iowa,9/28/20,34.2
Kansas,9/28/20,35.2
Kentucky,9/28/20,39.8
Louisiana,9/28/20,44.5
Maine,9/28/20,33.5
Maryland,9/28/20,35.3
Massachusetts,9/28/20,38.4
Michigan,9/28/20,33.2
Minnesota,9/28/20,30.5
Mississippi,9/28/20,38
Missouri,9/28/20,33.8
Montana,9/28/20,38.2
Nebraska,9/28/20,30.8
Nevada,9/28/20,42.8
New Hampshire,9/28/20,32.2
New Jersey,9/28/20,38.3
New Mexico,9/28/20,43.2
New York,9/28/20,36.2
North Carolina,9/28/20,32.6
North Dakota,9/28/20,27.7
Ohio,9/28/20,36.5
Oklahoma,9/28/20,34.5
Oregon,9/28/20,47.6
Pennsylvania,9/28/20,34.6
Rhode Island,9/28/20,38.3
South Carolina,9/28/20,35.3
South Dakota,9/28/20,27.3
Tennessee,9/28/20,35.6
Texas,9/28/20,39.5
Utah,9/28/20,38.5
Vermont,9/28/20,36.6
Virginia,9/28/20,36.5
Washington,9/28/20,39.9
West Virginia,9/28/20,39.2
Wisconsin,9/28/20,30.8
Wyoming,9/28/20,33.2
Alabama,10/12/20,33.6
Alaska,10/12/20,37.4
Arizona,10/12/20,37.8
Arkansas,10/12/20,42.3
California,10/12/20,42.4
Colorado,10/12/20,37.5
Connecticut,10/12/20,34.6
Delaware,10/12/20,39
District of Columbia,10/12/20,37.1
Florida,10/12/20,37.8
Georgia,10/12/20,34.7
Hawaii,10/12/20,40.2
Idaho,10/12/20,33.3
Illinois,10/12/20,36.6
Indiana,10/12/20,34.3
Iowa,10/12/20,29.6
Kansas,10/12/20,36.2
Kentucky,10/12/20,42.8
Louisiana,10/12/20,41.5
Maine,10/12/20,36.3
Maryland,10/12/20,36.9
Massachusetts,10/12/20,37.6
Michigan,10/12/20,37
Minnesota,10/12/20,30.7
Mississippi,10/12/20,35.1
Missouri,10/12/20,36.4
Montana,10/12/20,32.8
Nebraska,10/12/20,32.5
Nevada,10/12/20,43.3
New Hampshire,10/12/20,31.4
New Jersey,10/12/20,39.1
New Mexico,10/12/20,41.1
New York,10/12/20,35.2
North Carolina,10/12/20,35.8
North Dakota,10/12/20,27.8
Ohio,10/12/20,38.5
Oklahoma,10/12/20,38.1
Oregon,10/12/20,39
Pennsylvania,10/12/20,37.7
Rhode Island,10/12/20,35.1
South Carolina,10/12/20,32.9
South Dakota,10/12/20,31.3
Tennessee,10/12/20,36.2
Texas,10/12/20,38.8
Utah,10/12/20,36.1
Vermont,10/12/20,44
Virginia,10/12/20,32.9
Washington,10/12/20,38.5
West Virginia,10/12/20,42.8
Wisconsin,10/12/20,34.5
Wyoming,10/12/20,33.1
Alabama,10/26/20,36
Alaska,10/26/20,38.5
Arizona,10/26/20,39.8
Arkansas,10/26/20,38.5
California,10/26/20,39.9
Colorado,10/26/20,37.7
Connecticut,10/26/20,36.9
Delaware,10/26/20,34.3
District of Columbia,10/26/20,40.1
Florida,10/26/20,35.7
Georgia,10/26/20,37.8
Hawaii,10/26/20,38.8
Idaho,10/26/20,35.9
Illinois,10/26/20,34.8
Indiana,10/26/20,38.8
Iowa,10/26/20,33.4
Kansas,10/26/20,39.6
Kentucky,10/26/20,41.9
Louisiana,10/26/20,41.2
Maine,10/26/20,35.9
Maryland,10/26/20,37.1
Massachusetts,10/26/20,37.8
Michigan,10/26/20,37
Minnesota,10/26/20,30.6
Mississippi,10/26/20,41.5
Missouri,10/26/20,40.8
Montana,10/26/20,34.8
Nebraska,10/26/20,33.3
Nevada,10/26/20,41.9
New Hampshire,10/26/20,31
New Jersey,10/26/20,35.7
New Mexico,10/26/20,46.3
New York,10/26/20,38.9
North Carolina,10/26/20,32.4
North Dakota,10/26/20,30.9
Ohio,10/26/20,37.2
Oklahoma,10/26/20,39.3
Oregon,10/26/20,41.4
Pennsylvania,10/26/20,35.4
Rhode Island,10/26/20,39.1
South Carolina,10/26/20,36.5
South Dakota,10/26/20,28.7
Tennessee,10/26/20,37.8
Texas,10/26/20,41.4
Utah,10/26/20,33.1
Vermont,10/26/20,36.1
Virginia,10/26/20,35.6
Washington,10/26/20,41.7
West Virginia,10/26/20,36
Wisconsin,10/26/20,36
Wyoming,10/26/20,32
Alabama,11/9/20,44.8
Alaska,11/9/20,38.2
Arizona,11/9/20,40.3
Arkansas,11/9/20,41.6
California,11/9/20,43.7
Colorado,11/9/20,43.3
Connecticut,11/9/20,41.8
Delaware,11/9/20,41.5
District of Columbia,11/9/20,50.1
Florida,11/9/20,43.6
Georgia,11/9/20,46.4
Hawaii,11/9/20,43.4
Idaho,11/9/20,42.2
Illinois,11/9/20,41.8
Indiana,11/9/20,40.9
Iowa,11/9/20,44.3
Kansas,11/9/20,43.6
Kentucky,11/9/20,40.8
Louisiana,11/9/20,42.3
Maine,11/9/20,43.8
Maryland,11/9/20,39.7
Massachusetts,11/9/20,42.8
Michigan,11/9/20,34.8
Minnesota,11/9/20,37.1
Mississippi,11/9/20,42.7
Missouri,11/9/20,40.3
Montana,11/9/20,39.4
Nebraska,11/9/20,38.1
Nevada,11/9/20,47.3
New Hampshire,11/9/20,39.2
New Jersey,11/9/20,36.9
New Mexico,11/9/20,44.2
New York,11/9/20,36.5
North Carolina,11/9/20,42.3
North Dakota,11/9/20,25.5
Ohio,11/9/20,42
Oklahoma,11/9/20,43.3
Oregon,11/9/20,44.1
Pennsylvania,11/9/20,41.3
Rhode Island,11/9/20,42.3
South Carolina,11/9/20,41.4
South Dakota,11/9/20,32.3
Tennessee,11/9/20,36.7
Texas,11/9/20,44.4
Utah,11/9/20,36.4
Vermont,11/9/20,43.8
Virginia,11/9/20,36.7
Washington,11/9/20,38.8
West Virginia,11/9/20,39.3
Wisconsin,11/9/20,39.2
Wyoming,11/9/20,37
Alabama,11/23/20,43.8
Alaska,11/23/20,44.6
Arizona,11/23/20,43.8
Arkansas,11/23/20,44.2
California,11/23/20,45.1
Colorado,11/23/20,45.8
Connecticut,11/23/20,37.5
Delaware,11/23/20,35.9
District of Columbia,11/23/20,40.3
Florida,11/23/20,41.3
Georgia,11/23/20,39.6
Hawaii,11/23/20,32.1
Idaho,11/23/20,40.5
Illinois,11/23/20,42.6
Indiana,11/23/20,39.5
Iowa,11/23/20,39.7
Kansas,11/23/20,40
Kentucky,11/23/20,38.9
Louisiana,11/23/20,46.8
Maine,11/23/20,40.9
Maryland,11/23/20,40.3
Massachusetts,11/23/20,42.1
Michigan,11/23/20,40.7
Minnesota,11/23/20,41.4
Mississippi,11/23/20,44.3
Missouri,11/23/20,39.7
Montana,11/23/20,45.3
Nebraska,11/23/20,39.6
Nevada,11/23/20,47.6
New Hampshire,11/23/20,40.1
New Jersey,11/23/20,40.9
New Mexico,11/23/20,49.7
New York,11/23/20,41.7
North Carolina,11/23/20,41.5
North Dakota,11/23/20,39
Ohio,11/23/20,41.7
Oklahoma,11/23/20,46.5
Oregon,11/23/20,45.2
Pennsylvania,11/23/20,39.9
Rhode Island,11/23/20,44.5
South Carolina,11/23/20,44.9
South Dakota,11/23/20,42.3
Tennessee,11/23/20,42.7
Texas,11/23/20,47.3
Utah,11/23/20,44.3
Vermont,11/23/20,39.8
Virginia,11/23/20,38.2
Washington,11/23/20,43.4
West Virginia,11/23/20,42.6
Wisconsin,11/23/20,38.7
Wyoming,11/23/20,39.5
Alabama,12/7/20,38.5
Alaska,12/7/20,42.6
Arizona,12/7/20,39.8
Arkansas,12/7/20,41.9
California,12/7/20,43.2
Colorado,12/7/20,43
Connecticut,12/7/20,41.6
Delaware,12/7/20,42.9
District of Columbia,12/7/20,41.8
Florida,12/7/20,39.4
Georgia,12/7/20,39.9
Hawaii,12/7/20,40.7
Idaho,12/7/20,41.3
Illinois,12/7/20,43.1
Indiana,12/7/20,43.7
Iowa,12/7/20,36.1
Kansas,12/7/20,36.8
Kentucky,12/7/20,45.9
Louisiana,12/7/20,47.3
Maine,12/7/20,36.9
Maryland,12/7/20,38.1
Massachusetts,12/7/20,39.4
Michigan,12/7/20,40.1
Minnesota,12/7/20,39.6
Mississippi,12/7/20,46.8
Missouri,12/7/20,38.9
Montana,12/7/20,39.4
Nebraska,12/7/20,39.6
Nevada,12/7/20,47.2
New Hampshire,12/7/20,41.7
New Jersey,12/7/20,40.8
New Mexico,12/7/20,46.1
New York,12/7/20,38.9
North Carolina,12/7/20,39
North Dakota,12/7/20,32.8
Ohio,12/7/20,44.2
Oklahoma,12/7/20,43.9
Oregon,12/7/20,47.6
Pennsylvania,12/7/20,43.1
Rhode Island,12/7/20,41.5
South Carolina,12/7/20,33.6
South Dakota,12/7/20,32.4
Tennessee,12/7/20,39.2
Texas,12/7/20,44.1
Utah,12/7/20,44.2
Vermont,12/7/20,40.6
Virginia,12/7/20,39.3
Washington,12/7/20,43.3
West Virginia,12/7/20,44.2
Wisconsin,12/7/20,35.5
Wyoming,12/7/20,44.8
Alabama,12/21/20,44
Alaska,12/21/20,44.1
Arizona,12/21/20,43.5
Arkansas,12/21/20,43
California,12/21/20,45
Colorado,12/21/20,44.6
Connecticut,12/21/20,40.8
Delaware,12/21/20,39.9
District of Columbia,12/21/20,41.4
Florida,12/21/20,41.5
Georgia,12/21/20,45.7
Hawaii,12/21/20,37.6
Idaho,12/21/20,43.7
Illinois,12/21/20,39.5
Indiana,12/21/20,40.8
Iowa,12/21/20,39.5
Kansas,12/21/20,41.5
Kentucky,12/21/20,43.9
Louisiana,12/21/20,50
Maine,12/21/20,37.7
Maryland,12/21/20,39.7
Massachusetts,12/21/20,42.8
Michigan,12/21/20,45.6
Minnesota,12/21/20,36.6
Mississippi,12/21/20,45.9
Missouri,12/21/20,40.3
Montana,12/21/20,40.7
Nebraska,12/21/20,36.4
Nevada,12/21/20,46.1
New Hampshire,12/21/20,39.5
New Jersey,12/21/20,41.4
New Mexico,12/21/20,47.7
New York,12/21/20,40.7
North Carolina,12/21/20,37
North Dakota,12/21/20,34.1
Ohio,12/21/20,46
Oklahoma,12/21/20,48.8
Oregon,12/21/20,45.6
Pennsylvania,12/21/20,39.7
Rhode Island,12/21/20,35.8
South Carolina,12/21/20,40.2
South Dakota,12/21/20,31.8
Tennessee,12/21/20,41
Texas,12/21/20,43.2
Utah,12/21/20,40.6
Vermont,12/21/20,41.1
Virginia,12/21/20,40.4
Washington,12/21/20,42.4
West Virginia,12/21/20,48.1
Wisconsin,12/21/20,40
Wyoming,12/21/20,39
Alabama,1/18/21,42
Alaska,1/18/21,41.5
Arizona,1/18/21,38.4
Arkansas,1/18/21,41.1
California,1/18/21,45.4
Colorado,1/18/21,41.7
Connecticut,1/18/21,39.5
Delaware,1/18/21,40.8
District of Columbia,1/18/21,39.4
Florida,1/18/21,38
Georgia,1/18/21,43.3
Hawaii,1/18/21,38.1
Idaho,1/18/21,38.8
Illinois,1/18/21,40.9
Indiana,1/18/21,38.7
Iowa,1/18/21,36.3
Kansas,1/18/21,38.7
Kentucky,1/18/21,40.4
Louisiana,1/18/21,43.5
Maine,1/18/21,40.6
Maryland,1/18/21,38.8
Massachusetts,1/18/21,38.4
Michigan,1/18/21,42.9
Minnesota,1/18/21,33.6
Mississippi,1/18/21,52.3
Missouri,1/18/21,43.7
Montana,1/18/21,35.7
Nebraska,1/18/21,38.5
Nevada,1/18/21,41.7
New Hampshire,1/18/21,36.5
New Jersey,1/18/21,39.4
New Mexico,1/18/21,38.9
New York,1/18/21,40.2
North Carolina,1/18/21,44.3
North Dakota,1/18/21,35.6
Ohio,1/18/21,41.4
Oklahoma,1/18/21,42.8
Oregon,1/18/21,44.3
Pennsylvania,1/18/21,41.3
Rhode Island,1/18/21,46.8
South Carolina,1/18/21,42
South Dakota,1/18/21,34
Tennessee,1/18/21,39.6
Texas,1/18/21,39
Utah,1/18/21,42.8
Vermont,1/18/21,35.2
Virginia,1/18/21,41.4
Washington,1/18/21,44.1
West Virginia,1/18/21,49.7
Wisconsin,1/18/21,34.8
Wyoming,1/18/21,37.9
Alabama,2/1/21,43.4
Alaska,2/1/21,43.1
Arizona,2/1/21,40.8
Arkansas,2/1/21,40
California,2/1/21,46.1
Colorado,2/1/21,41.4
Connecticut,2/1/21,40.6
Delaware,2/1/21,32.8
District of Columbia,2/1/21,43.7
Florida,2/1/21,40.8
Georgia,2/1/21,44.3
Hawaii,2/1/21,37.6
Idaho,2/1/21,40
Illinois,2/1/21,38.5
Indiana,2/1/21,42.2
Iowa,2/1/21,38.5
Kansas,2/1/21,36.5
Kentucky,2/1/21,43.6
Louisiana,2/1/21,47.5
Maine,2/1/21,37.5
Maryland,2/1/21,39.1
Massachusetts,2/1/21,42.2
Michigan,2/1/21,39.9
Minnesota,2/1/21,37.2
Mississippi,2/1/21,42.7
Missouri,2/1/21,39
Montana,2/1/21,35.1
Nebraska,2/1/21,33.8
Nevada,2/1/21,41.4
New Hampshire,2/1/21,37.7
New Jersey,2/1/21,42.2
New Mexico,2/1/21,43.3
New York,2/1/21,35.8
North Carolina,2/1/21,44.7
North Dakota,2/1/21,28.8
Ohio,2/1/21,43.2
Oklahoma,2/1/21,47.5
Oregon,2/1/21,42
Pennsylvania,2/1/21,39.8
Rhode Island,2/1/21,41.5
South Carolina,2/1/21,37.6
South Dakota,2/1/21,29.1
Tennessee,2/1/21,43.5
Texas,2/1/21,43.4
Utah,2/1/21,40.9
Vermont,2/1/21,36.2
Virginia,2/1/21,36.9
Washington,2/1/21,46.3
West Virginia,2/1/21,41.8
Wisconsin,2/1/21,36.4
Wyoming,2/1/21,40.2
Alabama,2/15/21,40.1
Alaska,2/15/21,41.3
Arizona,2/15/21,41.7
Arkansas,2/15/21,43.4
California,2/15/21,42.1
Colorado,2/15/21,36.3
Connecticut,2/15/21,40.2
Delaware,2/15/21,37.5
District of Columbia,2/15/21,38.6
Florida,2/15/21,38.9
Georgia,2/15/21,38.7
Hawaii,2/15/21,33.6
Idaho,2/15/21,36.9
Illinois,2/15/21,37.5
Indiana,2/15/21,37.5
Iowa,2/15/21,35.5
Kansas,2/15/21,34.5
Kentucky,2/15/21,39
Louisiana,2/15/21,42.7
Maine,2/15/21,38.2
Maryland,2/15/21,37.3
Massachusetts,2/15/21,39.7
Michigan,2/15/21,39.1
Minnesota,2/15/21,32.3
Mississippi,2/15/21,43.3
Missouri,2/15/21,39.9
Montana,2/15/21,32.1
Nebraska,2/15/21,35.9
Nevada,2/15/21,44
New Hampshire,2/15/21,32.6
New Jersey,2/15/21,38.8
New Mexico,2/15/21,42.9
New York,2/15/21,41.8
North Carolina,2/15/21,38.9
North Dakota,2/15/21,35.5
Ohio,2/15/21,36.4
Oklahoma,2/15/21,38.7
Oregon,2/15/21,45.1
Pennsylvania,2/15/21,35.4
Rhode Island,2/15/21,38.1
South Carolina,2/15/21,38.8
South Dakota,2/15/21,30.9
Tennessee,2/15/21,40.6
Texas,2/15/21,39.9
Utah,2/15/21,40.2
Vermont,2/15/21,38.7
Virginia,2/15/21,38.7
Washington,2/15/21,40.9
West Virginia,2/15/21,41.8
Wisconsin,2/15/21,36.7
Wyoming,2/15/21,29.2
Alabama,3/1/21,36.5
Alaska,3/1/21,35.6
Arizona,3/1/21,38.9
Arkansas,3/1/21,39.7
California,3/1/21,41.5
Colorado,3/1/21,37.6
Connecticut,3/1/21,40.6
Delaware,3/1/21,33.7
District of Columbia,3/1/21,36.4
Florida,3/1/21,38.5
Georgia,3/1/21,40.7
Hawaii,3/1/21,34.6
Idaho,3/1/21,35.9
Illinois,3/1/21,38.2
Indiana,3/1/21,38.8
Iowa,3/1/21,34.3
Kansas,3/1/21,31.5
Kentucky,3/1/21,45.9
Louisiana,3/1/21,42.5
Maine,3/1/21,36.8
Maryland,3/1/21,36.8
Massachusetts,3/1/21,39.7
Michigan,3/1/21,38.3
Minnesota,3/1/21,27.8
Mississippi,3/1/21,45.8
Missouri,3/1/21,37.8
Montana,3/1/21,31.1
Nebraska,3/1/21,25.5
Nevada,3/1/21,46.5
New Hampshire,3/1/21,34.4
New Jersey,3/1/21,38
New Mexico,3/1/21,42.5
New York,3/1/21,38.7
North Carolina,3/1/21,38.8
North Dakota,3/1/21,30.1
Ohio,3/1/21,38.3
Oklahoma,3/1/21,42.2
Oregon,3/1/21,41.2
Pennsylvania,3/1/21,38.3
Rhode Island,3/1/21,38.5
South Carolina,3/1/21,36.6
South Dakota,3/1/21,31.3
Tennessee,3/1/21,43.5
Texas,3/1/21,40.9
Utah,3/1/21,36.8
Vermont,3/1/21,37.2
Virginia,3/1/21,37
Washington,3/1/21,40.1
West Virginia,3/1/21,39.1
Wisconsin,3/1/21,30.4
Wyoming,3/1/21,38.1
Alabama,3/15/21,38.1
Alaska,3/15/21,35.6
Arizona,3/15/21,38
Arkansas,3/15/21,47.2
California,3/15/21,39.7
Colorado,3/15/21,42.3
Connecticut,3/15/21,33.3
Delaware,3/15/21,32.4
District of Columbia,3/15/21,38.1
Florida,3/15/21,38.7
Georgia,3/15/21,33.2
Hawaii,3/15/21,30.6
Idaho,3/15/21,34.9
Illinois,3/15/21,35.4
Indiana,3/15/21,32.8
Iowa,3/15/21,33.3
Kansas,3/15/21,37.7
Kentucky,3/15/21,39.7
Louisiana,3/15/21,41
Maine,3/15/21,41.5
Maryland,3/15/21,36.8
Massachusetts,3/15/21,34.2
Michigan,3/15/21,36.6
Minnesota,3/15/21,32.1
Mississippi,3/15/21,37
Missouri,3/15/21,37.6
Montana,3/15/21,30.8
Nebraska,3/15/21,31.4
Nevada,3/15/21,33.7
New Hampshire,3/15/21,35.7
New Jersey,3/15/21,36
New Mexico,3/15/21,39.8
New York,3/15/21,36.6
North Carolina,3/15/21,35.8
North Dakota,3/15/21,26.8
Ohio,3/15/21,41.2
Oklahoma,3/15/21,37.5
Oregon,3/15/21,42.5
Pennsylvania,3/15/21,38.9
Rhode Island,3/15/21,39.1
South Carolina,3/15/21,30.5
South Dakota,3/15/21,25.9
Tennessee,3/15/21,34.5
Texas,3/15/21,35.7
Utah,3/15/21,32.6
Vermont,3/15/21,35.5
Virginia,3/15/21,34.3
Washington,3/15/21,37.3
West Virginia,3/15/21,43.5
Wisconsin,3/15/21,31.7
Wyoming,3/15/21,36.1
Alabama,3/29/21,34.5
Alaska,3/29/21,37.8
Arizona,3/29/21,35.1
Arkansas,3/29/21,37.5
California,3/29/21,39.3
Colorado,3/29/21,34.8
Connecticut,3/29/21,31.8
Delaware,3/29/21,30.6
District of Columbia,3/29/21,33.8
Florida,3/29/21,34.7
Georgia,3/29/21,37.9
Hawaii,3/29/21,28.4
Idaho,3/29/21,31.1
Illinois,3/29/21,36.4
Indiana,3/29/21,32
Iowa,3/29/21,30.1
Kansas,3/29/21,32.1
Kentucky,3/29/21,33.5
Louisiana,3/29/21,37.1
Maine,3/29/21,34.8
Maryland,3/29/21,31.1
Massachusetts,3/29/21,30.3
Michigan,3/29/21,35.4
Minnesota,3/29/21,30.4
Mississippi,3/29/21,42.6
Missouri,3/29/21,34.7
Montana,3/29/21,32.7
Nebraska,3/29/21,32.2
Nevada,3/29/21,41.7
New Hampshire,3/29/21,32.4
New Jersey,3/29/21,35
New Mexico,3/29/21,38.3
New York,3/29/21,36.1
North Carolina,3/29/21,32.5
North Dakota,3/29/21,26.7
Ohio,3/29/21,33.4
Oklahoma,3/29/21,39.3
Oregon,3/29/21,35.5
Pennsylvania,3/29/21,35.3
Rhode Island,3/29/21,36.9
South Carolina,3/29/21,33.1
South Dakota,3/29/21,24.9
Tennessee,3/29/21,36.2
Texas,3/29/21,35
Utah,3/29/21,31.5
Vermont,3/29/21,32.1
Virginia,3/29/21,31.4
Washington,3/29/21,35.6
West Virginia,3/29/21,41
Wisconsin,3/29/21,32.3
Wyoming,3/29/21,35.6
Alabama,4/26/21,35.5
Alaska,4/26/21,31.8
Arizona,4/26/21,34.4
Arkansas,4/26/21,34.8
California,4/26/21,37.3
Colorado,4/26/21,31.5
Connecticut,4/26/21,31.5
Delaware,4/26/21,24.7
District of Columbia,4/26/21,37.4
Florida,4/26/21,35
Georgia,4/26/21,33.6
Hawaii,4/26/21,28.5
Idaho,4/26/21,30.8
Illinois,4/26/21,29.7
Indiana,4/26/21,33.2
Iowa,4/26/21,29.4
Kansas,4/26/21,28.7
Kentucky,4/26/21,34.8
Louisiana,4/26/21,34.4
Maine,4/26/21,25.7
Maryland,4/26/21,32.5
Massachusetts,4/26/21,31.6
Michigan,4/26/21,33.5
Minnesota,4/26/21,24.7
Mississippi,4/26/21,30.9
Missouri,4/26/21,32.7
Montana,4/26/21,36.1
Nebraska,4/26/21,31.2
Nevada,4/26/21,32.6
New Hampshire,4/26/21,27.3
New Jersey,4/26/21,32.7
New Mexico,4/26/21,30.8
New York,4/26/21,31.2
North Carolina,4/26/21,31.2
North Dakota,4/26/21,31.4
Ohio,4/26/21,27.1
Oklahoma,4/26/21,29.1
Oregon,4/26/21,33.3
Pennsylvania,4/26/21,30.2
Rhode Island,4/26/21,26.5
South Carolina,4/26/21,29.8
South Dakota,4/26/21,26.6
Tennessee,4/26/21,31.9
Texas,4/26/21,34.6
Utah,4/26/21,25.1
Vermont,4/26/21,31.4
Virginia,4/26/21,25.8
Washington,4/26/21,29.7
West Virginia,4/26/21,42.1
Wisconsin,4/26/21,26
Wyoming,4/26/21,22
Alabama,5/10/21,33.3
Alaska,5/10/21,33.8
Arizona,5/10/21,29.9
Arkansas,5/10/21,35.5
California,5/10/21,33
Colorado,5/10/21,30.8
Connecticut,5/10/21,29.4
Delaware,5/10/21,30.8
District of Columbia,5/10/21,30.6
Florida,5/10/21,32.9
Georgia,5/10/21,29.5
Hawaii,5/10/21,23.2
Idaho,5/10/21,25.8
Illinois,5/10/21,29.8
Indiana,5/10/21,27.4
Iowa,5/10/21,27.7
Kansas,5/10/21,29.7
Kentucky,5/10/21,35.2
Louisiana,5/10/21,34.3
Maine,5/10/21,27.3
Maryland,5/10/21,27.7
Massachusetts,5/10/21,29
Michigan,5/10/21,31
Minnesota,5/10/21,24.1
Mississippi,5/10/21,25.7
Missouri,5/10/21,30.9
Montana,5/10/21,24.1
Nebraska,5/10/21,31.6
Nevada,5/10/21,29.2
New Hampshire,5/10/21,26.3
New Jersey,5/10/21,27.8
New Mexico,5/10/21,28.4
New York,5/10/21,31.6
North Carolina,5/10/21,33.5
North Dakota,5/10/21,24.8
Ohio,5/10/21,31.8
Oklahoma,5/10/21,34.3
Oregon,5/10/21,32.4
Pennsylvania,5/10/21,27.3
Rhode Island,5/10/21,24.5
South Carolina,5/10/21,30
South Dakota,5/10/21,24.4
Tennessee,5/10/21,29.8
Texas,5/10/21,33.1
Utah,5/10/21,30.1
Vermont,5/10/21,28
Virginia,5/10/21,27.3
Washington,5/10/21,32.6
West Virginia,5/10/21,31
Wisconsin,5/10/21,26.4
Wyoming,5/10/21,27.2
Alabama,5/24/21,28
Alaska,5/24/21,29.3
Arizona,5/24/21,27.9
Arkansas,5/24/21,33.7
California,5/24/21,32.3
Colorado,5/24/21,33.1
Connecticut,5/24/21,32.4
Delaware,5/24/21,26.1
District of Columbia,5/24/21,30.8
Florida,5/24/21,28.9
Georgia,5/24/21,30.9
Hawaii,5/24/21,25.5
Idaho,5/24/21,28.9
Illinois,5/24/21,29.1
Indiana,5/24/21,27.9
Iowa,5/24/21,26.2
Kansas,5/24/21,25.1
Kentucky,5/24/21,31.4
Louisiana,5/24/21,33.3
Maine,5/24/21,26.2
Maryland,5/24/21,27.7
Massachusetts,5/24/21,28
Michigan,5/24/21,28.8
Minnesota,5/24/21,24.7
Mississippi,5/24/21,32.3
Missouri,5/24/21,26.7
Montana,5/24/21,27.1
Nebraska,5/24/21,25.3
Nevada,5/24/21,28.4
New Hampshire,5/24/21,27.5
New Jersey,5/24/21,26.3
New Mexico,5/24/21,29.1
New York,5/24/21,32.4
North Carolina,5/24/21,28.1
North Dakota,5/24/21,23.2
Ohio,5/24/21,28.5
Oklahoma,5/24/21,33
Oregon,5/24/21,32.6
Pennsylvania,5/24/21,30.2
Rhode Island,5/24/21,26.4
South Carolina,5/24/21,30.1
South Dakota,5/24/21,24.3
Tennessee,5/24/21,33.5
Texas,5/24/21,32.4
Utah,5/24/21,27.7
Vermont,5/24/21,28
Virginia,5/24/21,32.3
Washington,5/24/21,31.3
West Virginia,5/24/21,31.6
Wisconsin,5/24/21,29.9
Wyoming,5/24/21,32.3
Alabama,6/7/21,31.8
Alaska,6/7/21,26.9
Arizona,6/7/21,31.8
Arkansas,6/7/21,32.9
California,6/7/21,30.7
Colorado,6/7/21,30.3
Connecticut,6/7/21,23.6
Delaware,6/7/21,27.4
District of Columbia,6/7/21,26.8
Florida,6/7/21,28
Georgia,6/7/21,32.2
Hawaii,6/7/21,29.3
Idaho,6/7/21,23.9
Illinois,6/7/21,28.2
Indiana,6/7/21,29.3
Iowa,6/7/21,27.8
Kansas,6/7/21,25.4
Kentucky,6/7/21,28.4
Louisiana,6/7/21,34.2
Maine,6/7/21,28
Maryland,6/7/21,26.6
Massachusetts,6/7/21,27.2
Michigan,6/7/21,23.1
Minnesota,6/7/21,26.6
Mississippi,6/7/21,32.3
Missouri,6/7/21,33.6
Montana,6/7/21,22.1
Nebraska,6/7/21,22.6
Nevada,6/7/21,36.5
New Hampshire,6/7/21,33.4
New Jersey,6/7/21,30.2
New Mexico,6/7/21,32.8
New York,6/7/21,27.7
North Carolina,6/7/21,31.8
North Dakota,6/7/21,27
Ohio,6/7/21,30.4
Oklahoma,6/7/21,31.2
Oregon,6/7/21,32.8
Pennsylvania,6/7/21,29.8
Rhode Island,6/7/21,27
South Carolina,6/7/21,30.8
South Dakota,6/7/21,25.5
Tennessee,6/7/21,29.2
Texas,6/7/21,32.2
Utah,6/7/21,29
Vermont,6/7/21,25.9
Virginia,6/7/21,29.9
Washington,6/7/21,32.4
West Virginia,6/7/21,31.8
Wisconsin,6/7/21,22.3
Wyoming,6/7/21,24.2
Alabama,6/21/21,29.5
Alaska,6/21/21,31.8
Arizona,6/21/21,32
Arkansas,6/21/21,34.5
California,6/21/21,31.5
Colorado,6/21/21,28.3
Connecticut,6/21/21,30.6
Delaware,6/21/21,31.4
District of Columbia,6/21/21,25
Florida,6/21/21,34
Georgia,6/21/21,33.6
Hawaii,6/21/21,24.9
Idaho,6/21/21,29.5
Illinois,6/21/21,29.4
Indiana,6/21/21,30.2
Iowa,6/21/21,32.4
Kansas,6/21/21,25.9
Kentucky,6/21/21,33.2
Louisiana,6/21/21,36.3
Maine,6/21/21,28.6
Maryland,6/21/21,31.1
Massachusetts,6/21/21,27.1
Michigan,6/21/21,27.2
Minnesota,6/21/21,25.9
Mississippi,6/21/21,39.2
Missouri,6/21/21,31.9
Montana,6/21/21,26.7
Nebraska,6/21/21,25.4
Nevada,6/21/21,33.9
New Hampshire,6/21/21,21
New Jersey,6/21/21,31
New Mexico,6/21/21,35.7
New York,6/21/21,30.5
North Carolina,6/21/21,25.7
North Dakota,6/21/21,26.5
Ohio,6/21/21,28.4
Oklahoma,6/21/21,38.6
Oregon,6/21/21,29
Pennsylvania,6/21/21,28
Rhode Island,6/21/21,31.3
South Carolina,6/21/21,30
South Dakota,6/21/21,23.5
Tennessee,6/21/21,31.3
Texas,6/21/21,31.7
Utah,6/21/21,29.8
Vermont,6/21/21,23
Virginia,6/21/21,28.3
Washington,6/21/21,29
West Virginia,6/21/21,37.2
Wisconsin,6/21/21,22.4
Wyoming,6/21/21,26.1
Alabama,7/5/21,35.9
Alaska,7/5/21,27.4
Arizona,7/5/21,33.4
Arkansas,7/5/21,26.4
California,7/5/21,30.3
Colorado,7/5/21,27.9
Connecticut,7/5/21,26.8
Delaware,7/5/21,25.8
District of Columbia,7/5/21,28
Florida,7/5/21,26.6
Georgia,7/5/21,30.5
Hawaii,7/5/21,32.9
Idaho,7/5/21,28.9
Illinois,7/5/21,24
Indiana,7/5/21,28.8
Iowa,7/5/21,25.3
Kansas,7/5/21,27.5
Kentucky,7/5/21,34.3
Louisiana,7/5/21,29.8
Maine,7/5/21,23.7
Maryland,7/5/21,30.4
Massachusetts,7/5/21,26.5
Michigan,7/5/21,29
Minnesota,7/5/21,21.6
Mississippi,7/5/21,33
Missouri,7/5/21,30
Montana,7/5/21,26.9
Nebraska,7/5/21,25.5
Nevada,7/5/21,35.6
New Hampshire,7/5/21,29.9
New Jersey,7/5/21,21.9
New Mexico,7/5/21,36.6
New York,7/5/21,26.7
North Carolina,7/5/21,31.2
North Dakota,7/5/21,27.1
Ohio,7/5/21,31.2
Oklahoma,7/5/21,37.5
Oregon,7/5/21,36
Pennsylvania,7/5/21,25.8
Rhode Island,7/5/21,26.2
South Carolina,7/5/21,32
South Dakota,7/5/21,25.2
Tennessee,7/5/21,29.8
Texas,7/5/21,31.6
Utah,7/5/21,28.1
Vermont,7/5/21,25.5
Virginia,7/5/21,25.9
Washington,7/5/21,28.3
West Virginia,7/5/21,34.1
Wisconsin,7/5/21,24.8
Wyoming,7/5/21,27.5
Alabama,8/2/21,35.3
Alaska,8/2/21,34.2
Arizona,8/2/21,32
Arkansas,8/2/21,35
California,8/2/21,33.4
Colorado,8/2/21,27.9
Connecticut,8/2/21,26.7
Delaware,8/2/21,32.5
District of Columbia,8/2/21,35.1
Florida,8/2/21,30.9
Georgia,8/2/21,36.3
Hawaii,8/2/21,28
Idaho,8/2/21,26.9
Illinois,8/2/21,29.6
Indiana,8/2/21,31.8
Iowa,8/2/21,26.9
Kansas,8/2/21,28.3
Kentucky,8/2/21,33.7
Louisiana,8/2/21,40.9
Maine,8/2/21,34.5
Maryland,8/2/21,27.4
Massachusetts,8/2/21,27.9
Michigan,8/2/21,28.8
Minnesota,8/2/21,27
Mississippi,8/2/21,34.8
Missouri,8/2/21,31.1
Montana,8/2/21,24.2
Nebraska,8/2/21,25.1
Nevada,8/2/21,37
New Hampshire,8/2/21,25.9
New Jersey,8/2/21,25.8
New Mexico,8/2/21,33.6
New York,8/2/21,24.9
North Carolina,8/2/21,26.3
North Dakota,8/2/21,23.5
Ohio,8/2/21,32.3
Oklahoma,8/2/21,38.9
Oregon,8/2/21,31.5
Pennsylvania,8/2/21,30.5
Rhode Island,8/2/21,30.8
South Carolina,8/2/21,30.9
South Dakota,8/2/21,23.6
Tennessee,8/2/21,27.6
Texas,8/2/21,38.1
Utah,8/2/21,32.2
Vermont,8/2/21,25.8
Virginia,8/2/21,30.3
Washington,8/2/21,34.7
West Virginia,8/2/21,35.4
Wisconsin,8/2/21,27
Wyoming,8/2/21,32.3
Alabama,8/16/21,29.9
Alaska,8/16/21,28.1
Arizona,8/16/21,34.7
Arkansas,8/16/21,35.1
California,8/16/21,32.4
Colorado,8/16/21,30.2
Connecticut,8/16/21,24.9
Delaware,8/16/21,32.1
District of Columbia,8/16/21,29.7
Florida,8/16/21,32.3
Georgia,8/16/21,34.8
Hawaii,8/16/21,30.5
Idaho,8/16/21,31.9
Illinois,8/16/21,28.1
Indiana,8/16/21,28
Iowa,8/16/21,27.1
Kansas,8/16/21,28.2
Kentucky,8/16/21,34.6
Louisiana,8/16/21,38.4
Maine,8/16/21,26.3
Maryland,8/16/21,28
Massachusetts,8/16/21,29.9
Michigan,8/16/21,30.9
Minnesota,8/16/21,26.4
Mississippi,8/16/21,32.5
Missouri,8/16/21,32
Montana,8/16/21,32.1
Nebraska,8/16/21,28.4
Nevada,8/16/21,33.1
New Hampshire,8/16/21,30
New Jersey,8/16/21,25.6
New Mexico,8/16/21,33.6
New York,8/16/21,29.6
North Carolina,8/16/21,29.3
North Dakota,8/16/21,22.9
Ohio,8/16/21,27.8
Oklahoma,8/16/21,39.7
Oregon,8/16/21,30.5
Pennsylvania,8/16/21,30.8
Rhode Island,8/16/21,31.4
South Carolina,8/16/21,28.9
South Dakota,8/16/21,21.2
Tennessee,8/16/21,33.2
Texas,8/16/21,31.9
Utah,8/16/21,33
Vermont,8/16/21,27.8
Virginia,8/16/21,30.3
Washington,8/16/21,31.1
West Virginia,8/16/21,34
Wisconsin,8/16/21,27.9
Wyoming,8/16/21,25.4
Alabama,8/30/21,38.5
Alaska,8/30/21,33.5
Arizona,8/30/21,35.8
Arkansas,8/30/21,36.2
California,8/30/21,31.5
Colorado,8/30/21,29.7
Connecticut,8/30/21,27.9
Delaware,8/30/21,32.4
District of Columbia,8/30/21,33
Florida,8/30/21,31.4
Georgia,8/30/21,34.5
Hawaii,8/30/21,31.8
Idaho,8/30/21,27.9
Illinois,8/30/21,28.6
Indiana,8/30/21,31.3
Iowa,8/30/21,28.5
Kansas,8/30/21,29.4
Kentucky,8/30/21,33.8
Louisiana,8/30/21,39.3
Maine,8/30/21,31
Maryland,8/30/21,31.4
Massachusetts,8/30/21,32
Michigan,8/30/21,30.3
Minnesota,8/30/21,30.4
Mississippi,8/30/21,33.3
Missouri,8/30/21,30.6
Montana,8/30/21,26.3
Nebraska,8/30/21,27.9
Nevada,8/30/21,36.4
New Hampshire,8/30/21,23.9
New Jersey,8/30/21,30.6
New Mexico,8/30/21,30.3
New York,8/30/21,28.6
North Carolina,8/30/21,34
North Dakota,8/30/21,29.8
Ohio,8/30/21,34.5
Oklahoma,8/30/21,38.1
Oregon,8/30/21,35.3
Pennsylvania,8/30/21,35.5
Rhode Island,8/30/21,29.3
South Carolina,8/30/21,32.7
South Dakota,8/30/21,31.1
Tennessee,8/30/21,41.7
Texas,8/30/21,32.6
Utah,8/30/21,33.7
Vermont,8/30/21,29.3
Virginia,8/30/21,28
Washington,8/30/21,33.7
West Virginia,8/30/21,34.2
Wisconsin,8/30/21,25.1
Wyoming,8/30/21,31.7
Alabama,9/13/21,34.2
Alaska,9/13/21,34.3
Arizona,9/13/21,30.9
Arkansas,9/13/21,34.5
California,9/13/21,32.5
Colorado,9/13/21,29.1
Connecticut,9/13/21,29.2
Delaware,9/13/21,30.4
District of Columbia,9/13/21,32.4
Florida,9/13/21,35.5
Georgia,9/13/21,31
Hawaii,9/13/21,30
Idaho,9/13/21,30.1
Illinois,9/13/21,31.4
Indiana,9/13/21,30.5
Iowa,9/13/21,28.9
Kansas,9/13/21,33.7
Kentucky,9/13/21,33
Louisiana,9/13/21,44.4
Maine,9/13/21,25.9
Maryland,9/13/21,32.8
Massachusetts,9/13/21,30.3
Michigan,9/13/21,29.3
Minnesota,9/13/21,25.5
Mississippi,9/13/21,29.2
Missouri,9/13/21,33.7
Montana,9/13/21,25.5
Nebraska,9/13/21,28.1
Nevada,9/13/21,33.2
New Hampshire,9/13/21,28.7
New Jersey,9/13/21,28.1
New Mexico,9/13/21,31.7
New York,9/13/21,32
North Carolina,9/13/21,32.2
North Dakota,9/13/21,30.7
Ohio,9/13/21,31.6
Oklahoma,9/13/21,34.7
Oregon,9/13/21,37.1
Pennsylvania,9/13/21,27.2
Rhode Island,9/13/21,32.1
South Carolina,9/13/21,29.2
South Dakota,9/13/21,19.9
Tennessee,9/13/21,36.8
Texas,9/13/21,36.3
Utah,9/13/21,29.9
Vermont,9/13/21,37.5
Virginia,9/13/21,30.7
Washington,9/13/21,34.1
West Virginia,9/13/21,32.6
Wisconsin,9/13/21,26.5
Wyoming,9/13/21,31.1
Alabama,9/27/21,32.4
Alaska,9/27/21,36.5
Arizona,9/27/21,30.9
Arkansas,9/27/21,38.3
California,9/27/21,33.9
Colorado,9/27/21,30.9
Connecticut,9/27/21,28.1
Delaware,9/27/21,33.9
District of Columbia,9/27/21,31.7
Florida,9/27/21,31.5
Georgia,9/27/21,31.3
Hawaii,9/27/21,34.5
Idaho,9/27/21,29.7
Illinois,9/27/21,29.7
Indiana,9/27/21,31.4
Iowa,9/27/21,30.4
Kansas,9/27/21,35.7
Kentucky,9/27/21,29.1
Louisiana,9/27/21,41.7
Maine,9/27/21,31.2
Maryland,9/27/21,30.4
Massachusetts,9/27/21,27.9
Michigan,9/27/21,26.4
Minnesota,9/27/21,26.5
Mississippi,9/27/21,39.2
Missouri,9/27/21,39.4
Montana,9/27/21,34
Nebraska,9/27/21,26.3
Nevada,9/27/21,37
New Hampshire,9/27/21,26.8
New Jersey,9/27/21,29.7
New Mexico,9/27/21,34.2
New York,9/27/21,37.4
North Carolina,9/27/21,28.6
North Dakota,9/27/21,27.4
Ohio,9/27/21,28.2
Oklahoma,9/27/21,41.6
Oregon,9/27/21,36.6
Pennsylvania,9/27/21,31.5
Rhode Island,9/27/21,27
South Carolina,9/27/21,27.1
South Dakota,9/27/21,23.7
Tennessee,9/27/21,36.5
Texas,9/27/21,32.5
Utah,9/27/21,35.6
Vermont,9/27/21,24.3
Virginia,9/27/21,31.8
Washington,9/27/21,36.2
West Virginia,9/27/21,30.7
Wisconsin,9/27/21,28.3
Wyoming,9/27/21,27.2
Alabama,10/11/21,34.1
Alaska,10/11/21,38.5
Arizona,10/11/21,33
Arkansas,10/11/21,37.8
California,10/11/21,32
Colorado,10/11/21,32
Connecticut,10/11/21,28.7
Delaware,10/11/21,26.6
District of Columbia,10/11/21,35.9
Florida,10/11/21,31.6
Georgia,10/11/21,34.3
Hawaii,10/11/21,32.5
Idaho,10/11/21,33
Illinois,10/11/21,31.3
Indiana,10/11/21,28.6
Iowa,10/11/21,27.2
Kansas,10/11/21,29.2
Kentucky,10/11/21,36.2
Louisiana,10/11/21,32.5
Maine,10/11/21,28.6
Maryland,10/11/21,28.4
Massachusetts,10/11/21,31.4
Michigan,10/11/21,29.8
Minnesota,10/11/21,24.6
Mississippi,10/11/21,35.9
Missouri,10/11/21,33.6
Montana,10/11/21,28.2
Nebraska,10/11/21,33.5
Nevada,10/11/21,30
New Hampshire,10/11/21,23.5
New Jersey,10/11/21,28.6
New Mexico,10/11/21,31.9
New York,10/11/21,29.6
North Carolina,10/11/21,35
North Dakota,10/11/21,33.3
Ohio,10/11/21,26.4
Oklahoma,10/11/21,37.7
Oregon,10/11/21,34.6
Pennsylvania,10/11/21,33.8
Rhode Island,10/11/21,37.3
South Carolina,10/11/21,30.2
South Dakota,10/11/21,24.7
Tennessee,10/11/21,34.6
Texas,10/11/21,34.2
Utah,10/11/21,31.1
Vermont,10/11/21,33.6
Virginia,10/11/21,27.9
Washington,10/11/21,33.5
West Virginia,10/11/21,31.7
Wisconsin,10/11/21,22.9
Wyoming,10/11/21,29.5
Alabama,12/13/21,32.1
Alaska,12/13/21,37.8
Arizona,12/13/21,31.2
Arkansas,12/13/21,34.4
California,12/13/21,30.4
Colorado,12/13/21,33.2
Connecticut,12/13/21,29.3
Delaware,12/13/21,26.3
District of Columbia,12/13/21,31.1
Florida,12/13/21,28.8
Georgia,12/13/21,29.9
Hawaii,12/13/21,31.9
Idaho,12/13/21,32.2
Illinois,12/13/21,27.6
Indiana,12/13/21,30.2
Iowa,12/13/21,29.8
Kansas,12/13/21,31.1
Kentucky,12/13/21,36.7
Louisiana,12/13/21,38.7
Maine,12/13/21,30.9
Maryland,12/13/21,28.2
Massachusetts,12/13/21,30.2
Michigan,12/13/21,31.4
Minnesota,12/13/21,27.9
Mississippi,12/13/21,31.7
Missouri,12/13/21,32.8
Montana,12/13/21,30.1
Nebraska,12/13/21,30.5
Nevada,12/13/21,36.3
New Hampshire,12/13/21,30.7
New Jersey,12/13/21,27.8
New Mexico,12/13/21,34.6
New York,12/13/21,33.3
North Carolina,12/13/21,30
North Dakota,12/13/21,33.4
Ohio,12/13/21,30.1
Oklahoma,12/13/21,38.3
Oregon,12/13/21,35.6
Pennsylvania,12/13/21,28.9
Rhode Island,12/13/21,27.8
South Carolina,12/13/21,25.1
South Dakota,12/13/21,24
Tennessee,12/13/21,31.4
Texas,12/13/21,29.5
Utah,12/13/21,32.5
Vermont,12/13/21,32.2
Virginia,12/13/21,31.5
Washington,12/13/21,33.6
West Virginia,12/13/21,39.9
Wisconsin,12/13/21,26.3
Wyoming,12/13/21,32.3
Alabama,1/10/22,33.9
Alaska,1/10/22,31.9
Arizona,1/10/22,34.1
Arkansas,1/10/22,40.6
California,1/10/22,31.9
Colorado,1/10/22,30.2
Connecticut,1/10/22,31.6
Delaware,1/10/22,30.1
District of Columbia,1/10/22,35.9
Florida,1/10/22,33.6
Georgia,1/10/22,29.4
Hawaii,1/10/22,32.1
Idaho,1/10/22,28.8
Illinois,1/10/22,29.7
Indiana,1/10/22,32.2
Iowa,1/10/22,28
Kansas,1/10/22,28.8
Kentucky,1/10/22,34.2
Louisiana,1/10/22,30.7
Maine,1/10/22,32.4
Maryland,1/10/22,27.8
Massachusetts,1/10/22,30.4
Michigan,1/10/22,31.2
Minnesota,1/10/22,26.3
Mississippi,1/10/22,36.3
Missouri,1/10/22,32.7
Montana,1/10/22,34.6
Nebraska,1/10/22,35.4
Nevada,1/10/22,35.4
New Hampshire,1/10/22,31.7
New Jersey,1/10/22,33.8
New Mexico,1/10/22,36.8
New York,1/10/22,31.4
North Carolina,1/10/22,29.3
North Dakota,1/10/22,24.8
Ohio,1/10/22,32.3
Oklahoma,1/10/22,35.8
Oregon,1/10/22,36.8
Pennsylvania,1/10/22,29.1
Rhode Island,1/10/22,35.6
South Carolina,1/10/22,29.7
South Dakota,1/10/22,28.7
Tennessee,1/10/22,31.3
Texas,1/10/22,35.1
Utah,1/10/22,34.3
Vermont,1/10/22,34.5
Virginia,1/10/22,35.4
Washington,1/10/22,32.7
West Virginia,1/10/22,34.6
Wisconsin,1/10/22,25.5
Wyoming,1/10/22,33.9
Alabama,2/7/22,33.8
Alaska,2/7/22,33.4
Arizona,2/7/22,31.5
Arkansas,2/7/22,38.2
California,2/7/22,32.9
Colorado,2/7/22,28.5
Connecticut,2/7/22,32.3
Delaware,2/7/22,33.4
District of Columbia,2/7/22,27.1
Florida,2/7/22,32.6
Georgia,2/7/22,31.9
Hawaii,2/7/22,33.1
Idaho,2/7/22,26.2
Illinois,2/7/22,32.6
Indiana,2/7/22,29.2
Iowa,2/7/22,24.5
Kansas,2/7/22,29.8
Kentucky,2/7/22,33.7
Louisiana,2/7/22,35.2
Maine,2/7/22,31.3
Maryland,2/7/22,31.1
Massachusetts,2/7/22,30.6
Michigan,2/7/22,32
Minnesota,2/7/22,24.7
Mississippi,2/7/22,37.2
Missouri,2/7/22,31.4
Montana,2/7/22,33.3
Nebraska,2/7/22,28.3
Nevada,2/7/22,37
New Hampshire,2/7/22,23.9
New Jersey,2/7/22,34.9
New Mexico,2/7/22,34.8
New York,2/7/22,29.6
North Carolina,2/7/22,28
North Dakota,2/7/22,30
Ohio,2/7/22,26.7
Oklahoma,2/7/22,33.9
Oregon,2/7/22,37.2
Pennsylvania,2/7/22,31.7
Rhode Island,2/7/22,27.6
South Carolina,2/7/22,29.7
South Dakota,2/7/22,27.2
Tennessee,2/7/22,33.9
Texas,2/7/22,32.9
Utah,2/7/22,28.3
Vermont,2/7/22,31.6
Virginia,2/7/22,29.8
Washington,2/7/22,32.3
West Virginia,2/7/22,36.1
Wisconsin,2/7/22,28.2
Wyoming,2/7/22,33
Alabama,3/14/22,33.5
Alaska,3/14/22,32.7
Arizona,3/14/22,34.4
Arkansas,3/14/22,38.8
California,3/14/22,32.8
Colorado,3/14/22,29
Connecticut,3/14/22,28.9
Delaware,3/14/22,24.3
District of Columbia,3/14/22,31.9
Florida,3/14/22,28.7
Georgia,3/14/22,29.6
Hawaii,3/14/22,26.9
Idaho,3/14/22,30.1
Illinois,3/14/22,32.3
Indiana,3/14/22,29.9
Iowa,3/14/22,28.7
Kansas,3/14/22,31.3
Kentucky,3/14/22,34.8
Louisiana,3/14/22,37.9
Maine,3/14/22,28.7
Maryland,3/14/22,28.9
Massachusetts,3/14/22,32.2
Michigan,3/14/22,28
Minnesota,3/14/22,28.7
Mississippi,3/14/22,37.8
Missouri,3/14/22,33.5
Montana,3/14/22,25.9
Nebraska,3/14/22,28.9
Nevada,3/14/22,32.7
New Hampshire,3/14/22,29.6
New Jersey,3/14/22,27.7
New Mexico,3/14/22,34
New York,3/14/22,29.1
North Carolina,3/14/22,29.7
North Dakota,3/14/22,26.2
Ohio,3/14/22,34.1
Oklahoma,3/14/22,38
Oregon,3/14/22,34.7
Pennsylvania,3/14/22,33.7
Rhode Island,3/14/22,26.5
South Carolina,3/14/22,27.3
South Dakota,3/14/22,27.8
Tennessee,3/14/22,29.7
Texas,3/14/22,34.5
Utah,3/14/22,31.6
Vermont,3/14/22,29.9
Virginia,3/14/22,29.8
Washington,3/14/22,33.9
West Virginia,3/14/22,34
Wisconsin,3/14/22,27.4
Wyoming,3/14/22,32.4
Alabama,4/11/22,28.6
Alaska,4/11/22,27
Arizona,4/11/22,28.5
Arkansas,4/11/22,32.8
California,4/11/22,30.1
Colorado,4/11/22,31.5
Connecticut,4/11/22,25
Delaware,4/11/22,27.1
District of Columbia,4/11/22,33.4
Florida,4/11/22,34
Georgia,4/11/22,31.6
Hawaii,4/11/22,26.6
Idaho,4/11/22,29.6
Illinois,4/11/22,31.4
Indiana,4/11/22,28.2
Iowa,4/11/22,28.1
Kansas,4/11/22,32.7
Kentucky,4/11/22,37.5
Louisiana,4/11/22,36.7
Maine,4/11/22,33.3
Maryland,4/11/22,29.7
Massachusetts,4/11/22,29.4
Michigan,4/11/22,25.7
Minnesota,4/11/22,26
Mississippi,4/11/22,32.8
Missouri,4/11/22,32.2
Montana,4/11/22,29.8
Nebraska,4/11/22,28.6
Nevada,4/11/22,31.2
New Hampshire,4/11/22,30.8
New Jersey,4/11/22,32
New Mexico,4/11/22,39.3
New York,4/11/22,30.9
North Carolina,4/11/22,31.5
North Dakota,4/11/22,32.6
Ohio,4/11/22,28.9
Oklahoma,4/11/22,38
Oregon,4/11/22,35.7
Pennsylvania,4/11/22,29.5
Rhode Island,4/11/22,25.7
South Carolina,4/11/22,25.3
South Dakota,4/11/22,28.6
Tennessee,4/11/22,29.8
Texas,4/11/22,34.3
Utah,4/11/22,31.1
Vermont,4/11/22,28.1
Virginia,4/11/22,29.7
Washington,4/11/22,28.4
West Virginia,4/11/22,44
Wisconsin,4/11/22,29.1
Wyoming,4/11/22,31.3
Alabama,5/9/22,31
Alaska,5/9/22,30.9
Arizona,5/9/22,29.4
Arkansas,5/9/22,28.3
California,5/9/22,33.1
Colorado,5/9/22,24
Connecticut,5/9/22,30
Delaware,5/9/22,24.2
District of Columbia,5/9/22,26.8
Florida,5/9/22,28.3
Georgia,5/9/22,29.4
Hawaii,5/9/22,24.5
Idaho,5/9/22,29.2
Illinois,5/9/22,29.7
Indiana,5/9/22,28.7
Iowa,5/9/22,28
Kansas,5/9/22,27.8
Kentucky,5/9/22,35.8
Louisiana,5/9/22,30.6
Maine,5/9/22,30.5
Maryland,5/9/22,28
Massachusetts,5/9/22,30.6
Michigan,5/9/22,31.9
Minnesota,5/9/22,27.3
Mississippi,5/9/22,38
Missouri,5/9/22,31.7
Montana,5/9/22,32.3
Nebraska,5/9/22,28.9
Nevada,5/9/22,30.1
New Hampshire,5/9/22,31.9
New Jersey,5/9/22,29.8
New Mexico,5/9/22,32.4
New York,5/9/22,32
North Carolina,5/9/22,28.1
North Dakota,5/9/22,29.8
Ohio,5/9/22,28.2
Oklahoma,5/9/22,38
Oregon,5/9/22,32.6
Pennsylvania,5/9/22,31.5
Rhode Island,5/9/22,25
South Carolina,5/9/22,30.8
South Dakota,5/9/22,19.2
Tennessee,5/9/22,32.1
Texas,5/9/22,34.1
Utah,5/9/22,36.9
Vermont,5/9/22,25.6
Virginia,5/9/22,30.2
Washington,5/9/22,34.3
West Virginia,5/9/22,31
Wisconsin,5/9/22,26.7
Wyoming,5/9/22,26.7
Alabama,6/13/22,37.7
Alaska,6/13/22,32.8
Arizona,6/13/22,34.8
Arkansas,6/13/22,37.5
California,6/13/22,34.8
Colorado,6/13/22,33.7
Connecticut,6/13/22,31.4
Delaware,6/13/22,26.2
District of Columbia,6/13/22,26.4
Florida,6/13/22,30.4
Georgia,6/13/22,30.4
Hawaii,6/13/22,24.5
Idaho,6/13/22,30.3
Illinois,6/13/22,30.7
Indiana,6/13/22,34
Iowa,6/13/22,34.7
Kansas,6/13/22,28.1
Kentucky,6/13/22,42
Louisiana,6/13/22,40.2
Maine,6/13/22,31.3
Maryland,6/13/22,32.9
Massachusetts,6/13/22,30.8
Michigan,6/13/22,28
Minnesota,6/13/22,28.1
Mississippi,6/13/22,46.1
Missouri,6/13/22,31.1
Montana,6/13/22,27.1
Nebraska,6/13/22,31.3
Nevada,6/13/22,39.9
New Hampshire,6/13/22,31.2
New Jersey,6/13/22,29.6
New Mexico,6/13/22,33.2
New York,6/13/22,29.8
North Carolina,6/13/22,35.6
North Dakota,6/13/22,28.2
Ohio,6/13/22,33.9
Oklahoma,6/13/22,35.8
Oregon,6/13/22,33.5
Pennsylvania,6/13/22,30.1
Rhode Island,6/13/22,32
South Carolina,6/13/22,37.8
South Dakota,6/13/22,26.9
Tennessee,6/13/22,36.2
Texas,6/13/22,34.1
Utah,6/13/22,34.7
Vermont,6/13/22,29.2
Virginia,6/13/22,29.6
Washington,6/13/22,30.7
West Virginia,6/13/22,40.2
Wisconsin,6/13/22,30.8
Wyoming,6/13/22,33.7