﻿group,period_end,value
Alabama,5/5/20,25.6
Alaska,5/5/20,27.7
Arizona,5/5/20,32.3
Arkansas,5/5/20,33.7
California,5/5/20,30.8
Colorado,5/5/20,32.6
Connecticut,5/5/20,34.9
Delaware,5/5/20,29.9
District of Columbia,5/5/20,31.4
Florida,5/5/20,32.6
Georgia,5/5/20,31.9
Hawaii,5/5/20,32.3
Idaho,5/5/20,26.9
Illinois,5/5/20,31.1
Indiana,5/5/20,31.8
Iowa,5/5/20,22.5
Kansas,5/5/20,26.4
Kentucky,5/5/20,31.6
Louisiana,5/5/20,34.4
Maine,5/5/20,29.5
Maryland,5/5/20,27.7
Massachusetts,5/5/20,37
Michigan,5/5/20,32.5
Minnesota,5/5/20,28.5
Mississippi,5/5/20,30.3
Missouri,5/5/20,30.4
Montana,5/5/20,22.8
Nebraska,5/5/20,24.2
Nevada,5/5/20,31.4
New Hampshire,5/5/20,31.3
New Jersey,5/5/20,31.4
New Mexico,5/5/20,27.9
New York,5/5/20,36.1
North Carolina,5/5/20,30
North Dakota,5/5/20,21.7
Ohio,5/5/20,31.1
Oklahoma,5/5/20,28.6
Oregon,5/5/20,31.5
Pennsylvania,5/5/20,31
Rhode Island,5/5/20,27.6
South Carolina,5/5/20,27.8
South Dakota,5/5/20,22.1
Tennessee,5/5/20,28.2
Texas,5/5/20,29.7
Utah,5/5/20,28.9
Vermont,5/5/20,30.6
Virginia,5/5/20,28.5
Washington,5/5/20,30.6
West Virginia,5/5/20,28.8
Wisconsin,5/5/20,27.1
Wyoming,5/5/20,24.9
Alabama,5/12/20,27.2
Alaska,5/12/20,27.4
Arizona,5/12/20,34.2
Arkansas,5/12/20,29.1
California,5/12/20,31.4
Colorado,5/12/20,29.7
Connecticut,5/12/20,29.1
Delaware,5/12/20,24.9
District of Columbia,5/12/20,36.2
Florida,5/12/20,27.6
Georgia,5/12/20,29.5
Hawaii,5/12/20,20.4
Idaho,5/12/20,25
Illinois,5/12/20,35.7
Indiana,5/12/20,31.5
Iowa,5/12/20,20.3
Kansas,5/12/20,25.1
Kentucky,5/12/20,29.6
Louisiana,5/12/20,34.6
Maine,5/12/20,28.9
Maryland,5/12/20,30.1
Massachusetts,5/12/20,28.7
Michigan,5/12/20,27
Minnesota,5/12/20,22.9
Mississippi,5/12/20,38.3
Missouri,5/12/20,37.8
Montana,5/12/20,24.9
Nebraska,5/12/20,29.6
Nevada,5/12/20,34
New Hampshire,5/12/20,30.4
New Jersey,5/12/20,36.3
New Mexico,5/12/20,30.2
New York,5/12/20,33
North Carolina,5/12/20,25.9
North Dakota,5/12/20,25.4
Ohio,5/12/20,26.4
Oklahoma,5/12/20,27.2
Oregon,5/12/20,26.2
Pennsylvania,5/12/20,28.4
Rhode Island,5/12/20,26.9
South Carolina,5/12/20,27.9
South Dakota,5/12/20,26.1
Tennessee,5/12/20,29.6
Texas,5/12/20,32.4
Utah,5/12/20,26
Vermont,5/12/20,31.8
Virginia,5/12/20,26.8
Washington,5/12/20,28.5
West Virginia,5/12/20,34.6
Wisconsin,5/12/20,25.6
Wyoming,5/12/20,22.5
Alabama,5/19/20,20.7
Alaska,5/19/20,26.2
Arizona,5/19/20,29
Arkansas,5/19/20,28.7
California,5/19/20,32.3
Colorado,5/19/20,27.6
Connecticut,5/19/20,28.7
Delaware,5/19/20,26.6
District of Columbia,5/19/20,33.3
Florida,5/19/20,28.2
Georgia,5/19/20,27.6
Hawaii,5/19/20,24.1
Idaho,5/19/20,24
Illinois,5/19/20,28.5
Indiana,5/19/20,32.6
Iowa,5/19/20,19
Kansas,5/19/20,26.7
Kentucky,5/19/20,27.7
Louisiana,5/19/20,27.9
Maine,5/19/20,30.6
Maryland,5/19/20,28.3
Massachusetts,5/19/20,27.4
Michigan,5/19/20,28.5
Minnesota,5/19/20,27.1
Mississippi,5/19/20,36.1
Missouri,5/19/20,30.4
Montana,5/19/20,25.7
Nebraska,5/19/20,23.3
Nevada,5/19/20,29
New Hampshire,5/19/20,25.2
New Jersey,5/19/20,34.4
New Mexico,5/19/20,29.6
New York,5/19/20,26.8
North Carolina,5/19/20,28.4
North Dakota,5/19/20,26.2
Ohio,5/19/20,26.2
Oklahoma,5/19/20,25.2
Oregon,5/19/20,24.2
Pennsylvania,5/19/20,25.8
Rhode Island,5/19/20,23.9
South Carolina,5/19/20,28.5
South Dakota,5/19/20,22.3
Tennessee,5/19/20,24.8
Texas,5/19/20,28.8
Utah,5/19/20,26.1
Vermont,5/19/20,25.8
Virginia,5/19/20,26.8
Washington,5/19/20,28.9
West Virginia,5/19/20,29.3
Wisconsin,5/19/20,23.4
Wyoming,5/19/20,24.1
Alabama,5/26/20,25.2
Alaska,5/26/20,31.6
Arizona,5/26/20,29.3
Arkansas,5/26/20,28.6
California,5/26/20,30.4
Colorado,5/26/20,28.8
Connecticut,5/26/20,24.7
Delaware,5/26/20,24.2
District of Columbia,5/26/20,29.9
Florida,5/26/20,34.1
Georgia,5/26/20,32.6
Hawaii,5/26/20,19.6
Idaho,5/26/20,22.1
Illinois,5/26/20,30.3
Indiana,5/26/20,30.5
Iowa,5/26/20,20.6
Kansas,5/26/20,30.1
Kentucky,5/26/20,30.8
Louisiana,5/26/20,36
Maine,5/26/20,24.5
Maryland,5/26/20,25.8
Massachusetts,5/26/20,25.5
Michigan,5/26/20,27.5
Minnesota,5/26/20,22.8
Mississippi,5/26/20,31.9
Missouri,5/26/20,29
Montana,5/26/20,24.3
Nebraska,5/26/20,22.6
Nevada,5/26/20,35.6
New Hampshire,5/26/20,24.6
New Jersey,5/26/20,26.2
New Mexico,5/26/20,35.4
New York,5/26/20,30.6
North Carolina,5/26/20,27.5
North Dakota,5/26/20,22.1
Ohio,5/26/20,29.8
Oklahoma,5/26/20,27.3
Oregon,5/26/20,32.1
Pennsylvania,5/26/20,28
Rhode Island,5/26/20,30.6
South Carolina,5/26/20,27
South Dakota,5/26/20,30.4
Tennessee,5/26/20,29.6
Texas,5/26/20,32.6
Utah,5/26/20,25.5
Vermont,5/26/20,23.3
Virginia,5/26/20,28.7
Washington,5/26/20,26.8
West Virginia,5/26/20,34.5
Wisconsin,5/26/20,24.7
Wyoming,5/26/20,24
Alabama,6/2/20,31.6
Alaska,6/2/20,26.1
Arizona,6/2/20,27.9
Arkansas,6/2/20,35.3
California,6/2/20,33.8
Colorado,6/2/20,29.4
Connecticut,6/2/20,26.7
Delaware,6/2/20,26.2
District of Columbia,6/2/20,28.2
Florida,6/2/20,33.8
Georgia,6/2/20,31.7
Hawaii,6/2/20,20.7
Idaho,6/2/20,28.3
Illinois,6/2/20,31.3
Indiana,6/2/20,31.5
Iowa,6/2/20,27.8
Kansas,6/2/20,28.3
Kentucky,6/2/20,33.3
Louisiana,6/2/20,31
Maine,6/2/20,25.2
Maryland,6/2/20,26.1
Massachusetts,6/2/20,26.7
Michigan,6/2/20,29
Minnesota,6/2/20,27.5
Mississippi,6/2/20,33.8
Missouri,6/2/20,30.1
Montana,6/2/20,22.6
Nebraska,6/2/20,22.2
Nevada,6/2/20,30.3
New Hampshire,6/2/20,26.7
New Jersey,6/2/20,31.8
New Mexico,6/2/20,37.1
New York,6/2/20,29.8
North Carolina,6/2/20,29.6
North Dakota,6/2/20,18.4
Ohio,6/2/20,29.6
Oklahoma,6/2/20,31.7
Oregon,6/2/20,35.3
Pennsylvania,6/2/20,31.4
Rhode Island,6/2/20,30.8
South Carolina,6/2/20,29.2
South Dakota,6/2/20,26.3
Tennessee,6/2/20,30.4
Texas,6/2/20,31.1
Utah,6/2/20,29.7
Vermont,6/2/20,31.8
Virginia,6/2/20,28.3
Washington,6/2/20,31.7
West Virginia,6/2/20,33.6
Wisconsin,6/2/20,22.7
Wyoming,6/2/20,25.3
Alabama,6/9/20,33.7
Alaska,6/9/20,26.2
Arizona,6/9/20,30.8
Arkansas,6/9/20,31.6
California,6/9/20,33.7
Colorado,6/9/20,30.9
Connecticut,6/9/20,27.7
Delaware,6/9/20,28.5
District of Columbia,6/9/20,33
Florida,6/9/20,34.8
Georgia,6/9/20,32.7
Hawaii,6/9/20,20.7
Idaho,6/9/20,28.6
Illinois,6/9/20,34.2
Indiana,6/9/20,28.7
Iowa,6/9/20,31.9
Kansas,6/9/20,29.9
Kentucky,6/9/20,33
Louisiana,6/9/20,32.5
Maine,6/9/20,31.5
Maryland,6/9/20,22.8
Massachusetts,6/9/20,26.1
Michigan,6/9/20,24.6
Minnesota,6/9/20,27.5
Mississippi,6/9/20,31.9
Missouri,6/9/20,23.2
Montana,6/9/20,26.4
Nebraska,6/9/20,23.5
Nevada,6/9/20,33.3
New Hampshire,6/9/20,31.7
New Jersey,6/9/20,30.7
New Mexico,6/9/20,28.6
New York,6/9/20,36.3
North Carolina,6/9/20,33.3
North Dakota,6/9/20,20.2
Ohio,6/9/20,30.6
Oklahoma,6/9/20,28.9
Oregon,6/9/20,35
Pennsylvania,6/9/20,29.2
Rhode Island,6/9/20,26.6
South Carolina,6/9/20,23.7
South Dakota,6/9/20,25.6
Tennessee,6/9/20,30.6
Texas,6/9/20,33
Utah,6/9/20,28
Vermont,6/9/20,29.8
Virginia,6/9/20,29.5
Washington,6/9/20,29.4
West Virginia,6/9/20,35.8
Wisconsin,6/9/20,25.3
Wyoming,6/9/20,21.3
Alabama,6/16/20,33.9
Alaska,6/16/20,33.3
Arizona,6/16/20,25.6
Arkansas,6/16/20,33.7
California,6/16/20,33.7
Colorado,6/16/20,29.8
Connecticut,6/16/20,35.1
Delaware,6/16/20,30.2
District of Columbia,6/16/20,25.9
Florida,6/16/20,37.4
Georgia,6/16/20,33.3
Hawaii,6/16/20,31.7
Idaho,6/16/20,26
Illinois,6/16/20,31
Indiana,6/16/20,33.8
Iowa,6/16/20,26.1
Kansas,6/16/20,30.5
Kentucky,6/16/20,26.6
Louisiana,6/16/20,38.4
Maine,6/16/20,32.2
Maryland,6/16/20,34.6
Massachusetts,6/16/20,27.3
Michigan,6/16/20,30.2
Minnesota,6/16/20,28
Mississippi,6/16/20,31.6
Missouri,6/16/20,33.3
Montana,6/16/20,30.6
Nebraska,6/16/20,24.1
Nevada,6/16/20,33.5
New Hampshire,6/16/20,28.1
New Jersey,6/16/20,33.5
New Mexico,6/16/20,22.7
New York,6/16/20,28.7
North Carolina,6/16/20,30
North Dakota,6/16/20,30.3
Ohio,6/16/20,31.5
Oklahoma,6/16/20,30.9
Oregon,6/16/20,39.8
Pennsylvania,6/16/20,28.4
Rhode Island,6/16/20,25.5
South Carolina,6/16/20,30.6
South Dakota,6/16/20,24.5
Tennessee,6/16/20,28.7
Texas,6/16/20,35.5
Utah,6/16/20,32
Vermont,6/16/20,33
Virginia,6/16/20,30.1
Washington,6/16/20,29.3
West Virginia,6/16/20,26.7
Wisconsin,6/16/20,23.5
Wyoming,6/16/20,24.2
Alabama,6/23/20,33.7
Alaska,6/23/20,31.8
Arizona,6/23/20,34.7
Arkansas,6/23/20,32.7
California,6/23/20,34.4
Colorado,6/23/20,26.7
Connecticut,6/23/20,34.5
Delaware,6/23/20,23.6
District of Columbia,6/23/20,39.6
Florida,6/23/20,33.3
Georgia,6/23/20,32.6
Hawaii,6/23/20,22.9
Idaho,6/23/20,28.3
Illinois,6/23/20,30.6
Indiana,6/23/20,30.6
Iowa,6/23/20,32.4
Kansas,6/23/20,29.4
Kentucky,6/23/20,33.2
Louisiana,6/23/20,41.3
Maine,6/23/20,24.1
Maryland,6/23/20,30.1
Massachusetts,6/23/20,27.9
Michigan,6/23/20,27.4
Minnesota,6/23/20,25
Mississippi,6/23/20,31.8
Missouri,6/23/20,28.3
Montana,6/23/20,27.8
Nebraska,6/23/20,25
Nevada,6/23/20,38.4
New Hampshire,6/23/20,31.2
New Jersey,6/23/20,30.8
New Mexico,6/23/20,39
New York,6/23/20,26.9
North Carolina,6/23/20,29.1
North Dakota,6/23/20,28.7
Ohio,6/23/20,27.7
Oklahoma,6/23/20,39
Oregon,6/23/20,37.1
Pennsylvania,6/23/20,32.7
Rhode Island,6/23/20,28.2
South Carolina,6/23/20,31.4
South Dakota,6/23/20,24.2
Tennessee,6/23/20,30.8
Texas,6/23/20,32.1
Utah,6/23/20,33.3
Vermont,6/23/20,25
Virginia,6/23/20,31.9
Washington,6/23/20,30.5
West Virginia,6/23/20,34.7
Wisconsin,6/23/20,21.3
Wyoming,6/23/20,23.7
Alabama,6/30/20,28.7
Alaska,6/30/20,32.5
Arizona,6/30/20,39.7
Arkansas,6/30/20,33.5
California,6/30/20,32.2
Colorado,6/30/20,33
Connecticut,6/30/20,32.5
Delaware,6/30/20,27.4
District of Columbia,6/30/20,29.6
Florida,6/30/20,37.7
Georgia,6/30/20,36.8
Hawaii,6/30/20,31.5
Idaho,6/30/20,32.9
Illinois,6/30/20,33.7
Indiana,6/30/20,34.7
Iowa,6/30/20,31.5
Kansas,6/30/20,28
Kentucky,6/30/20,33.9
Louisiana,6/30/20,40.5
Maine,6/30/20,32
Maryland,6/30/20,29.5
Massachusetts,6/30/20,28.7
Michigan,6/30/20,29.7
Minnesota,6/30/20,25.1
Mississippi,6/30/20,36.5
Missouri,6/30/20,32.2
Montana,6/30/20,25.7
Nebraska,6/30/20,27.8
Nevada,6/30/20,35
New Hampshire,6/30/20,27.5
New Jersey,6/30/20,30.2
New Mexico,6/30/20,32.2
New York,6/30/20,30.6
North Carolina,6/30/20,30.4
North Dakota,6/30/20,29.4
Ohio,6/30/20,28.8
Oklahoma,6/30/20,36.5
Oregon,6/30/20,34.1
Pennsylvania,6/30/20,33.4
Rhode Island,6/30/20,28.9
South Carolina,6/30/20,35
South Dakota,6/30/20,31.4
Tennessee,6/30/20,37.6
Texas,6/30/20,35.9
Utah,6/30/20,33
Vermont,6/30/20,29.7
Virginia,6/30/20,29.3
Washington,6/30/20,37
West Virginia,6/30/20,40.5
Wisconsin,6/30/20,25.5
Wyoming,6/30/20,31.6
Alabama,7/7/20,34.4
Alaska,7/7/20,27.3
Arizona,7/7/20,36.6
Arkansas,7/7/20,34.7
California,7/7/20,32.9
Colorado,7/7/20,35.4
Connecticut,7/7/20,33.6
Delaware,7/7/20,27.3
District of Columbia,7/7/20,35.2
Florida,7/7/20,37.8
Georgia,7/7/20,32.5
Hawaii,7/7/20,34.2
Idaho,7/7/20,32.7
Illinois,7/7/20,35.1
Indiana,7/7/20,34.8
Iowa,7/7/20,29.6
Kansas,7/7/20,32.3
Kentucky,7/7/20,36.3
Louisiana,7/7/20,38.6
Maine,7/7/20,32.8
Maryland,7/7/20,32.2
Massachusetts,7/7/20,30.1
Michigan,7/7/20,31.1
Minnesota,7/7/20,27.6
Mississippi,7/7/20,40.2
Missouri,7/7/20,35.3
Montana,7/7/20,31.7
Nebraska,7/7/20,25.7
Nevada,7/7/20,40.6
New Hampshire,7/7/20,32.5
New Jersey,7/7/20,33.6
New Mexico,7/7/20,38.1
New York,7/7/20,34.7
North Carolina,7/7/20,33.4
North Dakota,7/7/20,29.1
Ohio,7/7/20,31.9
Oklahoma,7/7/20,39.4
Oregon,7/7/20,35.4
Pennsylvania,7/7/20,33.2
Rhode Island,7/7/20,31.4
South Carolina,7/7/20,31.4
South Dakota,7/7/20,31.3
Tennessee,7/7/20,34.6
Texas,7/7/20,36.1
Utah,7/7/20,29.1
Vermont,7/7/20,29.2
Virginia,7/7/20,29.5
Washington,7/7/20,37.5
West Virginia,7/7/20,31.9
Wisconsin,7/7/20,30.7
Wyoming,7/7/20,31.5
Alabama,7/14/20,34.9
Alaska,7/14/20,35.1
Arizona,7/14/20,39.9
Arkansas,7/14/20,40
California,7/14/20,39.1
Colorado,7/14/20,35.2
Connecticut,7/14/20,31
Delaware,7/14/20,31
District of Columbia,7/14/20,23.8
Florida,7/14/20,39
Georgia,7/14/20,37.1
Hawaii,7/14/20,31.4
Idaho,7/14/20,32.4
Illinois,7/14/20,28.9
Indiana,7/14/20,36.8
Iowa,7/14/20,25.2
Kansas,7/14/20,28.8
Kentucky,7/14/20,37.8
Louisiana,7/14/20,40.6
Maine,7/14/20,26.9
Maryland,7/14/20,29.9
Massachusetts,7/14/20,34.2
Michigan,7/14/20,31.7
Minnesota,7/14/20,27.5
Mississippi,7/14/20,38
Missouri,7/14/20,35.3
Montana,7/14/20,35.6
Nebraska,7/14/20,31.3
Nevada,7/14/20,42.8
New Hampshire,7/14/20,28.9
New Jersey,7/14/20,37.1
New Mexico,7/14/20,38.6
New York,7/14/20,34.2
North Carolina,7/14/20,34
North Dakota,7/14/20,30.5
Ohio,7/14/20,31.7
Oklahoma,7/14/20,40.1
Oregon,7/14/20,38.6
Pennsylvania,7/14/20,34.2
Rhode Island,7/14/20,36.5
South Carolina,7/14/20,30.7
South Dakota,7/14/20,32.6
Tennessee,7/14/20,38.2
Texas,7/14/20,40.6
Utah,7/14/20,29.5
Vermont,7/14/20,33.4
Virginia,7/14/20,32.6
Washington,7/14/20,35.7
West Virginia,7/14/20,36.1
Wisconsin,7/14/20,31.1
Wyoming,7/14/20,29.4
Alabama,7/21/20,39.9
Alaska,7/21/20,33.8
Arizona,7/21/20,41.3
Arkansas,7/21/20,36.8
California,7/21/20,38.9
Colorado,7/21/20,38
Connecticut,7/21/20,30.4
Delaware,7/21/20,29
District of Columbia,7/21/20,33.9
Florida,7/21/20,35.1
Georgia,7/21/20,35.5
Hawaii,7/21/20,37.2
Idaho,7/21/20,37.3
Illinois,7/21/20,38
Indiana,7/21/20,36.8
Iowa,7/21/20,31.3
Kansas,7/21/20,34.8
Kentucky,7/21/20,35.9
Louisiana,7/21/20,38.5
Maine,7/21/20,35.7
Maryland,7/21/20,33.2
Massachusetts,7/21/20,31.1
Michigan,7/21/20,36.3
Minnesota,7/21/20,32.2
Mississippi,7/21/20,38.6
Missouri,7/21/20,34.9
Montana,7/21/20,27.5
Nebraska,7/21/20,30
Nevada,7/21/20,43.7
New Hampshire,7/21/20,34
New Jersey,7/21/20,34.2
New Mexico,7/21/20,44.7
New York,7/21/20,36.2
North Carolina,7/21/20,33.1
North Dakota,7/21/20,30.3
Ohio,7/21/20,32.8
Oklahoma,7/21/20,39.6
Oregon,7/21/20,45.4
Pennsylvania,7/21/20,29.2
Rhode Island,7/21/20,41.8
South Carolina,7/21/20,35.7
South Dakota,7/21/20,27.6
Tennessee,7/21/20,40.1
Texas,7/21/20,38.4
Utah,7/21/20,34.6
Vermont,7/21/20,29.2
Virginia,7/21/20,34.2
Washington,7/21/20,37.1
West Virginia,7/21/20,31.1
Wisconsin,7/21/20,29.9
Wyoming,7/21/20,38.8
Alabama,8/31/20,30.6
Alaska,8/31/20,30.5
Arizona,8/31/20,30.4
Arkansas,8/31/20,30.5
California,8/31/20,32.4
Colorado,8/31/20,32.6
Connecticut,8/31/20,33.9
Delaware,8/31/20,24.6
District of Columbia,8/31/20,30.6
Florida,8/31/20,33.7
Georgia,8/31/20,31.3
Hawaii,8/31/20,35.4
Idaho,8/31/20,28.7
Illinois,8/31/20,33.7
Indiana,8/31/20,32
Iowa,8/31/20,28
Kansas,8/31/20,32
Kentucky,8/31/20,34.6
Louisiana,8/31/20,37.1
Maine,8/31/20,34.9
Maryland,8/31/20,30.9
Massachusetts,8/31/20,31.5
Michigan,8/31/20,30.6
Minnesota,8/31/20,28.6
Mississippi,8/31/20,27.7
Missouri,8/31/20,27.8
Montana,8/31/20,27.9
Nebraska,8/31/20,28
Nevada,8/31/20,35.2
New Hampshire,8/31/20,28.4
New Jersey,8/31/20,33.3
New Mexico,8/31/20,35.2
New York,8/31/20,29.9
North Carolina,8/31/20,28.4
North Dakota,8/31/20,26.4
Ohio,8/31/20,31.7
Oklahoma,8/31/20,34
Oregon,8/31/20,34.8
Pennsylvania,8/31/20,31
Rhode Island,8/31/20,29.9
South Carolina,8/31/20,24.5
South Dakota,8/31/20,20.9
Tennessee,8/31/20,34.8
Texas,8/31/20,31.1
Utah,8/31/20,30.4
Vermont,8/31/20,28
Virginia,8/31/20,30.5
Washington,8/31/20,32.7
West Virginia,8/31/20,29
Wisconsin,8/31/20,25.2
Wyoming,8/31/20,32.8
Alabama,9/14/20,33.7
Alaska,9/14/20,28.4
Arizona,9/14/20,33.4
Arkansas,9/14/20,36
California,9/14/20,34.2
Colorado,9/14/20,33.4
Connecticut,9/14/20,33.1
Delaware,9/14/20,29.8
District of Columbia,9/14/20,33.3
Florida,9/14/20,31.3
Georgia,9/14/20,31.1
Hawaii,9/14/20,34.4
Idaho,9/14/20,31.2
Illinois,9/14/20,32.6
Indiana,9/14/20,30
Iowa,9/14/20,26.8
Kansas,9/14/20,28.7
Kentucky,9/14/20,34.2
Louisiana,9/14/20,36.8
Maine,9/14/20,29.8
Maryland,9/14/20,29.8
Massachusetts,9/14/20,28.7
Michigan,9/14/20,32.4
Minnesota,9/14/20,26
Mississippi,9/14/20,31.3
Missouri,9/14/20,29
Montana,9/14/20,29.6
Nebraska,9/14/20,25.7
Nevada,9/14/20,32.1
New Hampshire,9/14/20,31.6
New Jersey,9/14/20,30.7
New Mexico,9/14/20,34.7
New York,9/14/20,33.5
North Carolina,9/14/20,27.4
North Dakota,9/14/20,22.2
Ohio,9/14/20,32.1
Oklahoma,9/14/20,34.5
Oregon,9/14/20,36.9
Pennsylvania,9/14/20,29.8
Rhode Island,9/14/20,31.1
South Carolina,9/14/20,27.7
South Dakota,9/14/20,24.7
Tennessee,9/14/20,27.6
Texas,9/14/20,32.6
Utah,9/14/20,29.2
Vermont,9/14/20,30.2
Virginia,9/14/20,29.1
Washington,9/14/20,30.8
West Virginia,9/14/20,33.5
Wisconsin,9/14/20,27.5
Wyoming,9/14/20,29.4
Alabama,9/28/20,30.8
Alaska,9/28/20,29.9
Arizona,9/28/20,34.9
Arkansas,9/28/20,28.7
California,9/28/20,37.2
Colorado,9/28/20,34.2
Connecticut,9/28/20,30.4
Delaware,9/28/20,24.8
District of Columbia,9/28/20,40.2
Florida,9/28/20,32.8
Georgia,9/28/20,32
Hawaii,9/28/20,28.7
Idaho,9/28/20,29.3
Illinois,9/28/20,30.8
Indiana,9/28/20,31.8
Iowa,9/28/20,27.5
Kansas,9/28/20,30.6
Kentucky,9/28/20,32.4
Louisiana,9/28/20,38.5
Maine,9/28/20,31.5
Maryland,9/28/20,30.6
Massachusetts,9/28/20,32.2
Michigan,9/28/20,28.6
Minnesota,9/28/20,26.9
Mississippi,9/28/20,35
Missouri,9/28/20,29.9
Montana,9/28/20,33.1
Nebraska,9/28/20,27.6
Nevada,9/28/20,35.6
New Hampshire,9/28/20,29.4
New Jersey,9/28/20,34.9
New Mexico,9/28/20,38
New York,9/28/20,32.3
North Carolina,9/28/20,28.7
North Dakota,9/28/20,23.2
Ohio,9/28/20,32.3
Oklahoma,9/28/20,29.2
Oregon,9/28/20,41.1
Pennsylvania,9/28/20,30.7
Rhode Island,9/28/20,33.4
South Carolina,9/28/20,31.8
South Dakota,9/28/20,22.5
Tennessee,9/28/20,30.5
Texas,9/28/20,33.2
Utah,9/28/20,33.9
Vermont,9/28/20,33
Virginia,9/28/20,31.1
Washington,9/28/20,34.6
West Virginia,9/28/20,36.4
Wisconsin,9/28/20,28.4
Wyoming,9/28/20,29.1
Alabama,10/12/20,29.4
Alaska,10/12/20,32.6
Arizona,10/12/20,31.7
Arkansas,10/12/20,35.4
California,10/12/20,36.2
Colorado,10/12/20,32.8
Connecticut,10/12/20,28.4
Delaware,10/12/20,32.8
District of Columbia,10/12/20,34.8
Florida,10/12/20,31.7
Georgia,10/12/20,29
Hawaii,10/12/20,30.6
Idaho,10/12/20,29.4
Illinois,10/12/20,32.2
Indiana,10/12/20,30.1
Iowa,10/12/20,26.8
Kansas,10/12/20,32.3
Kentucky,10/12/20,37.8
Louisiana,10/12/20,36.9
Maine,10/12/20,33.2
Maryland,10/12/20,30.6
Massachusetts,10/12/20,34.2
Michigan,10/12/20,32.9
Minnesota,10/12/20,26.2
Mississippi,10/12/20,30.6
Missouri,10/12/20,30.7
Montana,10/12/20,27.8
Nebraska,10/12/20,28.7
Nevada,10/12/20,39.3
New Hampshire,10/12/20,27.3
New Jersey,10/12/20,34.7
New Mexico,10/12/20,33.9
New York,10/12/20,30.7
North Carolina,10/12/20,29.7
North Dakota,10/12/20,24.7
Ohio,10/12/20,33.6
Oklahoma,10/12/20,33.9
Oregon,10/12/20,35.1
Pennsylvania,10/12/20,32.6
Rhode Island,10/12/20,29.5
South Carolina,10/12/20,28.3
South Dakota,10/12/20,26.9
Tennessee,10/12/20,30.7
Texas,10/12/20,33.2
Utah,10/12/20,31.1
Vermont,10/12/20,36.9
Virginia,10/12/20,28.7
Washington,10/12/20,34.5
West Virginia,10/12/20,37.1
Wisconsin,10/12/20,30.7
Wyoming,10/12/20,27
Alabama,10/26/20,29.9
Alaska,10/26/20,33
Arizona,10/26/20,35.1
Arkansas,10/26/20,32
California,10/26/20,35.3
Colorado,10/26/20,34.1
Connecticut,10/26/20,32.5
Delaware,10/26/20,31.7
District of Columbia,10/26/20,35.1
Florida,10/26/20,30.3
Georgia,10/26/20,33.2
Hawaii,10/26/20,32.2
Idaho,10/26/20,31.2
Illinois,10/26/20,30.5
Indiana,10/26/20,35.3
Iowa,10/26/20,29.9
Kansas,10/26/20,34.8
Kentucky,10/26/20,35.3
Louisiana,10/26/20,33.6
Maine,10/26/20,32.5
Maryland,10/26/20,33
Massachusetts,10/26/20,33.8
Michigan,10/26/20,31.3
Minnesota,10/26/20,25.9
Mississippi,10/26/20,35.9
Missouri,10/26/20,35.2
Montana,10/26/20,29.4
Nebraska,10/26/20,28.6
Nevada,10/26/20,37.1
New Hampshire,10/26/20,26.5
New Jersey,10/26/20,31
New Mexico,10/26/20,39.5
New York,10/26/20,34.3
North Carolina,10/26/20,27
North Dakota,10/26/20,28
Ohio,10/26/20,31.7
Oklahoma,10/26/20,34.8
Oregon,10/26/20,36.6
Pennsylvania,10/26/20,31.6
Rhode Island,10/26/20,35.6
South Carolina,10/26/20,32.8
South Dakota,10/26/20,24.2
Tennessee,10/26/20,32
Texas,10/26/20,34.7
Utah,10/26/20,29.1
Vermont,10/26/20,33.3
Virginia,10/26/20,30
Washington,10/26/20,35.9
West Virginia,10/26/20,31.9
Wisconsin,10/26/20,32.1
Wyoming,10/26/20,28.3
Alabama,11/9/20,35.3
Alaska,11/9/20,32.7
Arizona,11/9/20,35.5
Arkansas,11/9/20,38.8
California,11/9/20,38.2
Colorado,11/9/20,40.5
Connecticut,11/9/20,38.2
Delaware,11/9/20,37.7
District of Columbia,11/9/20,45.6
Florida,11/9/20,38.3
Georgia,11/9/20,39
Hawaii,11/9/20,37
Idaho,11/9/20,35.3
Illinois,11/9/20,36.2
Indiana,11/9/20,35
Iowa,11/9/20,41
Kansas,11/9/20,40.4
Kentucky,11/9/20,37.6
Louisiana,11/9/20,37.6
Maine,11/9/20,40.5
Maryland,11/9/20,35.7
Massachusetts,11/9/20,37.6
Michigan,11/9/20,31.1
Minnesota,11/9/20,33.6
Mississippi,11/9/20,37.8
Missouri,11/9/20,35.5
Montana,11/9/20,36.6
Nebraska,11/9/20,33
Nevada,11/9/20,39.9
New Hampshire,11/9/20,36
New Jersey,11/9/20,33.5
New Mexico,11/9/20,40.1
New York,11/9/20,33
North Carolina,11/9/20,36
North Dakota,11/9/20,22.3
Ohio,11/9/20,37.1
Oklahoma,11/9/20,40
Oregon,11/9/20,38.4
Pennsylvania,11/9/20,36.1
Rhode Island,11/9/20,38.6
South Carolina,11/9/20,37.3
South Dakota,11/9/20,28.6
Tennessee,11/9/20,32.5
Texas,11/9/20,37.2
Utah,11/9/20,33
Vermont,11/9/20,37.3
Virginia,11/9/20,30.5
Washington,11/9/20,34.7
West Virginia,11/9/20,35.7
Wisconsin,11/9/20,36
Wyoming,11/9/20,30
Alabama,11/23/20,40.1
Alaska,11/23/20,40.3
Arizona,11/23/20,39.2
Arkansas,11/23/20,39
California,11/23/20,39
Colorado,11/23/20,42.2
Connecticut,11/23/20,33.5
Delaware,11/23/20,31.9
District of Columbia,11/23/20,35.3
Florida,11/23/20,33.9
Georgia,11/23/20,34.8
Hawaii,11/23/20,28.4
Idaho,11/23/20,32.9
Illinois,11/23/20,37.4
Indiana,11/23/20,34.1
Iowa,11/23/20,32.9
Kansas,11/23/20,34.9
Kentucky,11/23/20,32.4
Louisiana,11/23/20,38.4
Maine,11/23/20,35
Maryland,11/23/20,36.1
Massachusetts,11/23/20,37.5
Michigan,11/23/20,35.2
Minnesota,11/23/20,37.5
Mississippi,11/23/20,37.7
Missouri,11/23/20,33.3
Montana,11/23/20,39.9
Nebraska,11/23/20,34.9
Nevada,11/23/20,43.2
New Hampshire,11/23/20,33.8
New Jersey,11/23/20,36.2
New Mexico,11/23/20,42.6
New York,11/23/20,36.6
North Carolina,11/23/20,38.3
North Dakota,11/23/20,32.6
Ohio,11/23/20,38.1
Oklahoma,11/23/20,42
Oregon,11/23/20,40.8
Pennsylvania,11/23/20,34.9
Rhode Island,11/23/20,37.8
South Carolina,11/23/20,36.4
South Dakota,11/23/20,34.7
Tennessee,11/23/20,38.2
Texas,11/23/20,42.3
Utah,11/23/20,38
Vermont,11/23/20,36.2
Virginia,11/23/20,34.3
Washington,11/23/20,36.3
West Virginia,11/23/20,36.6
Wisconsin,11/23/20,31.4
Wyoming,11/23/20,35.8
Alabama,12/7/20,32.5
Alaska,12/7/20,36.8
Arizona,12/7/20,33.6
Arkansas,12/7/20,37.2
California,12/7/20,36.8
Colorado,12/7/20,37.8
Connecticut,12/7/20,36.6
Delaware,12/7/20,33.5
District of Columbia,12/7/20,35.8
Florida,12/7/20,36.3
Georgia,12/7/20,36
Hawaii,12/7/20,35.1
Idaho,12/7/20,34
Illinois,12/7/20,37.6
Indiana,12/7/20,37.7
Iowa,12/7/20,31
Kansas,12/7/20,31.9
Kentucky,12/7/20,40.2
Louisiana,12/7/20,43.1
Maine,12/7/20,32.4
Maryland,12/7/20,34.2
Massachusetts,12/7/20,34.5
Michigan,12/7/20,34.7
Minnesota,12/7/20,34.5
Mississippi,12/7/20,37.1
Missouri,12/7/20,35.2
Montana,12/7/20,35.9
Nebraska,12/7/20,35
Nevada,12/7/20,42.4
New Hampshire,12/7/20,37.3
New Jersey,12/7/20,36.7
New Mexico,12/7/20,42.6
New York,12/7/20,35.3
North Carolina,12/7/20,32.9
North Dakota,12/7/20,28.9
Ohio,12/7/20,35.4
Oklahoma,12/7/20,38.7
Oregon,12/7/20,38.6
Pennsylvania,12/7/20,38.1
Rhode Island,12/7/20,37.4
South Carolina,12/7/20,30.4
South Dakota,12/7/20,27.5
Tennessee,12/7/20,34.2
Texas,12/7/20,38.8
Utah,12/7/20,37.3
Vermont,12/7/20,37.8
Virginia,12/7/20,33.5
Washington,12/7/20,37.5
West Virginia,12/7/20,40.6
Wisconsin,12/7/20,30.1
Wyoming,12/7/20,38.7
Alabama,12/21/20,39.1
Alaska,12/21/20,37.7
Arizona,12/21/20,34.7
Arkansas,12/21/20,38.5
California,12/21/20,38.9
Colorado,12/21/20,39.4
Connecticut,12/21/20,35.6
Delaware,12/21/20,35.3
District of Columbia,12/21/20,34.4
Florida,12/21/20,37.7
Georgia,12/21/20,40.3
Hawaii,12/21/20,29.8
Idaho,12/21/20,37.9
Illinois,12/21/20,35.7
Indiana,12/21/20,34.2
Iowa,12/21/20,34.5
Kansas,12/21/20,35.9
Kentucky,12/21/20,37.9
Louisiana,12/21/20,45.5
Maine,12/21/20,33.8
Maryland,12/21/20,34.7
Massachusetts,12/21/20,37.5
Michigan,12/21/20,40.7
Minnesota,12/21/20,31.7
Mississippi,12/21/20,35.3
Missouri,12/21/20,35.7
Montana,12/21/20,36.6
Nebraska,12/21/20,27.9
Nevada,12/21/20,39.5
New Hampshire,12/21/20,32.2
New Jersey,12/21/20,34.8
New Mexico,12/21/20,42.4
New York,12/21/20,33.3
North Carolina,12/21/20,32.1
North Dakota,12/21/20,27.4
Ohio,12/21/20,38.1
Oklahoma,12/21/20,44.2
Oregon,12/21/20,41.6
Pennsylvania,12/21/20,34.1
Rhode Island,12/21/20,32.9
South Carolina,12/21/20,37.2
South Dakota,12/21/20,28.3
Tennessee,12/21/20,36.2
Texas,12/21/20,38
Utah,12/21/20,34.6
Vermont,12/21/20,38
Virginia,12/21/20,35.9
Washington,12/21/20,36.8
West Virginia,12/21/20,39.5
Wisconsin,12/21/20,35.4
Wyoming,12/21/20,33.6
Alabama,1/18/21,36.8
Alaska,1/18/21,36.2
Arizona,1/18/21,33.5
Arkansas,1/18/21,37.6
California,1/18/21,39.9
Colorado,1/18/21,36.6
Connecticut,1/18/21,35.3
Delaware,1/18/21,34.7
District of Columbia,1/18/21,34.4
Florida,1/18/21,33.7
Georgia,1/18/21,37.3
Hawaii,1/18/21,34.4
Idaho,1/18/21,34
Illinois,1/18/21,35.6
Indiana,1/18/21,32.8
Iowa,1/18/21,31.1
Kansas,1/18/21,33.9
Kentucky,1/18/21,35.8
Louisiana,1/18/21,38.4
Maine,1/18/21,34.8
Maryland,1/18/21,32.9
Massachusetts,1/18/21,34.9
Michigan,1/18/21,38.6
Minnesota,1/18/21,30.8
Mississippi,1/18/21,49.2
Missouri,1/18/21,36.4
Montana,1/18/21,32.3
Nebraska,1/18/21,31.7
Nevada,1/18/21,34.9
New Hampshire,1/18/21,33.7
New Jersey,1/18/21,34.2
New Mexico,1/18/21,33.6
New York,1/18/21,33.8
North Carolina,1/18/21,38.8
North Dakota,1/18/21,30.9
Ohio,1/18/21,34.4
Oklahoma,1/18/21,37.8
Oregon,1/18/21,39.2
Pennsylvania,1/18/21,34.6
Rhode Island,1/18/21,39.4
South Carolina,1/18/21,35.9
South Dakota,1/18/21,29.2
Tennessee,1/18/21,34.4
Texas,1/18/21,33.9
Utah,1/18/21,38.5
Vermont,1/18/21,30.6
Virginia,1/18/21,37.1
Washington,1/18/21,37.9
West Virginia,1/18/21,41.6
Wisconsin,1/18/21,31.4
Wyoming,1/18/21,35.1
Alabama,2/1/21,36.6
Alaska,2/1/21,37.1
Arizona,2/1/21,36.9
Arkansas,2/1/21,35.1
California,2/1/21,39.7
Colorado,2/1/21,37.7
Connecticut,2/1/21,35.8
Delaware,2/1/21,27.1
District of Columbia,2/1/21,37.5
Florida,2/1/21,35.3
Georgia,2/1/21,39
Hawaii,2/1/21,31.2
Idaho,2/1/21,32
Illinois,2/1/21,32.3
Indiana,2/1/21,36.8
Iowa,2/1/21,31.8
Kansas,2/1/21,32.1
Kentucky,2/1/21,37.6
Louisiana,2/1/21,43.4
Maine,2/1/21,34.2
Maryland,2/1/21,34.7
Massachusetts,2/1/21,36
Michigan,2/1/21,32.9
Minnesota,2/1/21,32.1
Mississippi,2/1/21,35.8
Missouri,2/1/21,33.6
Montana,2/1/21,30.5
Nebraska,2/1/21,28.7
Nevada,2/1/21,37.4
New Hampshire,2/1/21,32.5
New Jersey,2/1/21,35.3
New Mexico,2/1/21,35.8
New York,2/1/21,32.3
North Carolina,2/1/21,39.2
North Dakota,2/1/21,23.8
Ohio,2/1/21,36.4
Oklahoma,2/1/21,43.4
Oregon,2/1/21,36.5
Pennsylvania,2/1/21,35.1
Rhode Island,2/1/21,35.1
South Carolina,2/1/21,32.8
South Dakota,2/1/21,25.8
Tennessee,2/1/21,38.5
Texas,2/1/21,38.5
Utah,2/1/21,35.9
Vermont,2/1/21,32.4
Virginia,2/1/21,32.7
Washington,2/1/21,41
West Virginia,2/1/21,34.7
Wisconsin,2/1/21,30
Wyoming,2/1/21,32.5
Alabama,2/15/21,35.1
Alaska,2/15/21,33
Arizona,2/15/21,32.8
Arkansas,2/15/21,38.1
California,2/15/21,35.7
Colorado,2/15/21,30.7
Connecticut,2/15/21,34.3
Delaware,2/15/21,33
District of Columbia,2/15/21,34.7
Florida,2/15/21,34.4
Georgia,2/15/21,30.7
Hawaii,2/15/21,26.9
Idaho,2/15/21,30.5
Illinois,2/15/21,30.7
Indiana,2/15/21,32.7
Iowa,2/15/21,30
Kansas,2/15/21,29.3
Kentucky,2/15/21,30.8
Louisiana,2/15/21,36.9
Maine,2/15/21,32.5
Maryland,2/15/21,33.8
Massachusetts,2/15/21,34.4
Michigan,2/15/21,34.4
Minnesota,2/15/21,26.9
Mississippi,2/15/21,38.6
Missouri,2/15/21,33
Montana,2/15/21,25
Nebraska,2/15/21,30.7
Nevada,2/15/21,39
New Hampshire,2/15/21,29.3
New Jersey,2/15/21,34.3
New Mexico,2/15/21,37.2
New York,2/15/21,36
North Carolina,2/15/21,33.8
North Dakota,2/15/21,30.7
Ohio,2/15/21,31.2
Oklahoma,2/15/21,33.1
Oregon,2/15/21,39.8
Pennsylvania,2/15/21,29.7
Rhode Island,2/15/21,31.3
South Carolina,2/15/21,34.7
South Dakota,2/15/21,29.6
Tennessee,2/15/21,35.5
Texas,2/15/21,34.8
Utah,2/15/21,35.6
Vermont,2/15/21,36
Virginia,2/15/21,33.3
Washington,2/15/21,36.4
West Virginia,2/15/21,37.2
Wisconsin,2/15/21,32.2
Wyoming,2/15/21,25.1
Alabama,3/1/21,30
Alaska,3/1/21,31.9
Arizona,3/1/21,31.6
Arkansas,3/1/21,33.7
California,3/1/21,35.9
Colorado,3/1/21,31.8
Connecticut,3/1/21,35.8
Delaware,3/1/21,30.3
District of Columbia,3/1/21,34.5
Florida,3/1/21,32.2
Georgia,3/1/21,34.7
Hawaii,3/1/21,31.9
Idaho,3/1/21,30.2
Illinois,3/1/21,34.2
Indiana,3/1/21,33.9
Iowa,3/1/21,29.1
Kansas,3/1/21,27.6
Kentucky,3/1/21,40.1
Louisiana,3/1/21,39
Maine,3/1/21,33.4
Maryland,3/1/21,32.3
Massachusetts,3/1/21,33.4
Michigan,3/1/21,32.7
Minnesota,3/1/21,25
Mississippi,3/1/21,40.5
Missouri,3/1/21,34.4
Montana,3/1/21,25.2
Nebraska,3/1/21,21.4
Nevada,3/1/21,40.9
New Hampshire,3/1/21,26.6
New Jersey,3/1/21,33.1
New Mexico,3/1/21,33.5
New York,3/1/21,32.7
North Carolina,3/1/21,33
North Dakota,3/1/21,25.3
Ohio,3/1/21,33.7
Oklahoma,3/1/21,36.1
Oregon,3/1/21,35.5
Pennsylvania,3/1/21,32.6
Rhode Island,3/1/21,32.8
South Carolina,3/1/21,27.9
South Dakota,3/1/21,26.8
Tennessee,3/1/21,37.6
Texas,3/1/21,34.8
Utah,3/1/21,32.4
Vermont,3/1/21,29
Virginia,3/1/21,31.9
Washington,3/1/21,34.2
West Virginia,3/1/21,33.3
Wisconsin,3/1/21,26.4
Wyoming,3/1/21,33.2
Alabama,3/15/21,33.1
Alaska,3/15/21,32.2
Arizona,3/15/21,31.7
Arkansas,3/15/21,39.2
California,3/15/21,33
Colorado,3/15/21,37.1
Connecticut,3/15/21,27.9
Delaware,3/15/21,28.4
District of Columbia,3/15/21,35.3
Florida,3/15/21,32.7
Georgia,3/15/21,27.1
Hawaii,3/15/21,26.8
Idaho,3/15/21,30.9
Illinois,3/15/21,30
Indiana,3/15/21,29.2
Iowa,3/15/21,27.2
Kansas,3/15/21,29.4
Kentucky,3/15/21,33.4
Louisiana,3/15/21,35.7
Maine,3/15/21,37.4
Maryland,3/15/21,31.5
Massachusetts,3/15/21,29.5
Michigan,3/15/21,31.9
Minnesota,3/15/21,26.8
Mississippi,3/15/21,29.5
Missouri,3/15/21,33.3
Montana,3/15/21,26.7
Nebraska,3/15/21,27.2
Nevada,3/15/21,29.5
New Hampshire,3/15/21,31.6
New Jersey,3/15/21,31.5
New Mexico,3/15/21,35
New York,3/15/21,31.4
North Carolina,3/15/21,30.1
North Dakota,3/15/21,23.3
Ohio,3/15/21,33.7
Oklahoma,3/15/21,32.5
Oregon,3/15/21,36.2
Pennsylvania,3/15/21,33.1
Rhode Island,3/15/21,34.4
South Carolina,3/15/21,26.2
South Dakota,3/15/21,21.1
Tennessee,3/15/21,30.4
Texas,3/15/21,30.8
Utah,3/15/21,27.1
Vermont,3/15/21,30.7
Virginia,3/15/21,28.6
Washington,3/15/21,32.5
West Virginia,3/15/21,40.6
Wisconsin,3/15/21,26.5
Wyoming,3/15/21,31.9
Alabama,3/29/21,29.8
Alaska,3/29/21,30.4
Arizona,3/29/21,30.4
Arkansas,3/29/21,31.9
California,3/29/21,34
Colorado,3/29/21,30.3
Connecticut,3/29/21,28.2
Delaware,3/29/21,26.1
District of Columbia,3/29/21,31.9
Florida,3/29/21,28.8
Georgia,3/29/21,34
Hawaii,3/29/21,23.1
Idaho,3/29/21,24.7
Illinois,3/29/21,31.1
Indiana,3/29/21,28.3
Iowa,3/29/21,25.5
Kansas,3/29/21,27.2
Kentucky,3/29/21,27.9
Louisiana,3/29/21,31
Maine,3/29/21,29.4
Maryland,3/29/21,26.2
Massachusetts,3/29/21,26.6
Michigan,3/29/21,31.4
Minnesota,3/29/21,25.8
Mississippi,3/29/21,37
Missouri,3/29/21,28.6
Montana,3/29/21,28
Nebraska,3/29/21,26.5
Nevada,3/29/21,35.4
New Hampshire,3/29/21,28
New Jersey,3/29/21,29.1
New Mexico,3/29/21,33.3
New York,3/29/21,32.3
North Carolina,3/29/21,28.7
North Dakota,3/29/21,24.5
Ohio,3/29/21,26.7
Oklahoma,3/29/21,35.5
Oregon,3/29/21,30.5
Pennsylvania,3/29/21,29.8
Rhode Island,3/29/21,33.2
South Carolina,3/29/21,27.7
South Dakota,3/29/21,21.2
Tennessee,3/29/21,31.9
Texas,3/29/21,30.3
Utah,3/29/21,25.8
Vermont,3/29/21,27.9
Virginia,3/29/21,26.3
Washington,3/29/21,29.7
West Virginia,3/29/21,36.7
Wisconsin,3/29/21,25.9
Wyoming,3/29/21,30.1
Alabama,4/26/21,29.8
Alaska,4/26/21,26.8
Arizona,4/26/21,30.3
Arkansas,4/26/21,26.1
California,4/26/21,30.5
Colorado,4/26/21,25.9
Connecticut,4/26/21,27.3
Delaware,4/26/21,21.8
District of Columbia,4/26/21,31.2
Florida,4/26/21,30.2
Georgia,4/26/21,27.9
Hawaii,4/26/21,24.5
Idaho,4/26/21,23.4
Illinois,4/26/21,25.1
Indiana,4/26/21,29.7
Iowa,4/26/21,24
Kansas,4/26/21,24
Kentucky,4/26/21,29
Louisiana,4/26/21,31
Maine,4/26/21,22.7
Maryland,4/26/21,27.5
Massachusetts,4/26/21,27.9
Michigan,4/26/21,28.1
Minnesota,4/26/21,20.1
Mississippi,4/26/21,24.4
Missouri,4/26/21,28.9
Montana,4/26/21,30.4
Nebraska,4/26/21,25.6
Nevada,4/26/21,27.4
New Hampshire,4/26/21,23.3
New Jersey,4/26/21,27.6
New Mexico,4/26/21,27.4
New York,4/26/21,26.9
North Carolina,4/26/21,26.7
North Dakota,4/26/21,26.8
Ohio,4/26/21,21.7
Oklahoma,4/26/21,23.5
Oregon,4/26/21,29.6
Pennsylvania,4/26/21,24.8
Rhode Island,4/26/21,23
South Carolina,4/26/21,24.9
South Dakota,4/26/21,22.2
Tennessee,4/26/21,26.8
Texas,4/26/21,30.9
Utah,4/26/21,20.2
Vermont,4/26/21,26
Virginia,4/26/21,22.3
Washington,4/26/21,25.2
West Virginia,4/26/21,35.6
Wisconsin,4/26/21,22.9
Wyoming,4/26/21,16.9
Alabama,5/10/21,28.1
Alaska,5/10/21,29.7
Arizona,5/10/21,25.8
Arkansas,5/10/21,29.9
California,5/10/21,28.5
Colorado,5/10/21,25.7
Connecticut,5/10/21,25.8
Delaware,5/10/21,26.3
District of Columbia,5/10/21,25
Florida,5/10/21,29.2
Georgia,5/10/21,26
Hawaii,5/10/21,20.6
Idaho,5/10/21,23
Illinois,5/10/21,26.6
Indiana,5/10/21,24.3
Iowa,5/10/21,25.2
Kansas,5/10/21,25.7
Kentucky,5/10/21,30.8
Louisiana,5/10/21,30.4
Maine,5/10/21,23.3
Maryland,5/10/21,22.6
Massachusetts,5/10/21,24.3
Michigan,5/10/21,26.3
Minnesota,5/10/21,20.8
Mississippi,5/10/21,19.1
Missouri,5/10/21,26.5
Montana,5/10/21,21.7
Nebraska,5/10/21,28.5
Nevada,5/10/21,24.2
New Hampshire,5/10/21,23.3
New Jersey,5/10/21,23.3
New Mexico,5/10/21,25.4
New York,5/10/21,27.4
North Carolina,5/10/21,29.6
North Dakota,5/10/21,21.7
Ohio,5/10/21,25.8
Oklahoma,5/10/21,29.7
Oregon,5/10/21,27.8
Pennsylvania,5/10/21,23.6
Rhode Island,5/10/21,21.6
South Carolina,5/10/21,25.7
South Dakota,5/10/21,23
Tennessee,5/10/21,25.2
Texas,5/10/21,28.3
Utah,5/10/21,25.8
Vermont,5/10/21,24.6
Virginia,5/10/21,24
Washington,5/10/21,28.3
West Virginia,5/10/21,27.6
Wisconsin,5/10/21,20.5
Wyoming,5/10/21,25.3
Alabama,5/24/21,23.8
Alaska,5/24/21,23.5
Arizona,5/24/21,23
Arkansas,5/24/21,29.8
California,5/24/21,26.5
Colorado,5/24/21,28.2
Connecticut,5/24/21,27.4
Delaware,5/24/21,21.3
District of Columbia,5/24/21,26.6
Florida,5/24/21,25.8
Georgia,5/24/21,26.1
Hawaii,5/24/21,19.9
Idaho,5/24/21,23.9
Illinois,5/24/21,24.5
Indiana,5/24/21,24
Iowa,5/24/21,23.6
Kansas,5/24/21,21.9
Kentucky,5/24/21,27.6
Louisiana,5/24/21,27.6
Maine,5/24/21,22.6
Maryland,5/24/21,24.1
Massachusetts,5/24/21,24.9
Michigan,5/24/21,25.7
Minnesota,5/24/21,20.2
Mississippi,5/24/21,27.9
Missouri,5/24/21,23.4
Montana,5/24/21,23.7
Nebraska,5/24/21,21.5
Nevada,5/24/21,25.9
New Hampshire,5/24/21,19.6
New Jersey,5/24/21,24.1
New Mexico,5/24/21,24.3
New York,5/24/21,27
North Carolina,5/24/21,25
North Dakota,5/24/21,19.6
Ohio,5/24/21,24.4
Oklahoma,5/24/21,29
Oregon,5/24/21,27.9
Pennsylvania,5/24/21,27.5
Rhode Island,5/24/21,20.2
South Carolina,5/24/21,28
South Dakota,5/24/21,17.2
Tennessee,5/24/21,26.9
Texas,5/24/21,26.5
Utah,5/24/21,22.9
Vermont,5/24/21,24.6
Virginia,5/24/21,28.2
Washington,5/24/21,27
West Virginia,5/24/21,26.3
Wisconsin,5/24/21,26
Wyoming,5/24/21,29
Alabama,6/7/21,27.7
Alaska,6/7/21,23.6
Arizona,6/7/21,27.1
Arkansas,6/7/21,26.9
California,6/7/21,26.5
Colorado,6/7/21,26.2
Connecticut,6/7/21,19.7
Delaware,6/7/21,24
District of Columbia,6/7/21,21.5
Florida,6/7/21,24.4
Georgia,6/7/21,26.9
Hawaii,6/7/21,26.6
Idaho,6/7/21,22.3
Illinois,6/7/21,25.1
Indiana,6/7/21,24.7
Iowa,6/7/21,23.9
Kansas,6/7/21,21.8
Kentucky,6/7/21,23
Louisiana,6/7/21,31.8
Maine,6/7/21,23.2
Maryland,6/7/21,22.5
Massachusetts,6/7/21,23.9
Michigan,6/7/21,19.8
Minnesota,6/7/21,22.3
Mississippi,6/7/21,27.6
Missouri,6/7/21,29.3
Montana,6/7/21,17.7
Nebraska,6/7/21,17.8
Nevada,6/7/21,30.7
New Hampshire,6/7/21,28.8
New Jersey,6/7/21,26.5
New Mexico,6/7/21,28.6
New York,6/7/21,22.9
North Carolina,6/7/21,26.7
North Dakota,6/7/21,22.6
Ohio,6/7/21,25.4
Oklahoma,6/7/21,26.5
Oregon,6/7/21,28.9
Pennsylvania,6/7/21,25.8
Rhode Island,6/7/21,22.2
South Carolina,6/7/21,26.5
South Dakota,6/7/21,21.1
Tennessee,6/7/21,25.2
Texas,6/7/21,28
Utah,6/7/21,25.2
Vermont,6/7/21,23.1
Virginia,6/7/21,24.1
Washington,6/7/21,27.8
West Virginia,6/7/21,27.9
Wisconsin,6/7/21,20
Wyoming,6/7/21,18.5
Alabama,6/21/21,24.4
Alaska,6/21/21,27.1
Arizona,6/21/21,27.2
Arkansas,6/21/21,28.4
California,6/21/21,27.2
Colorado,6/21/21,23.9
Connecticut,6/21/21,28.1
Delaware,6/21/21,26.4
District of Columbia,6/21/21,22.4
Florida,6/21/21,31.7
Georgia,6/21/21,24.8
Hawaii,6/21/21,22.2
Idaho,6/21/21,26.1
Illinois,6/21/21,22.5
Indiana,6/21/21,24.3
Iowa,6/21/21,28.7
Kansas,6/21/21,19.9
Kentucky,6/21/21,30.1
Louisiana,6/21/21,31.7
Maine,6/21/21,24.6
Maryland,6/21/21,26.9
Massachusetts,6/21/21,22.4
Michigan,6/21/21,24.1
Minnesota,6/21/21,22.5
Mississippi,6/21/21,31.7
Missouri,6/21/21,28.9
Montana,6/21/21,24
Nebraska,6/21/21,21.8
Nevada,6/21/21,30.1
New Hampshire,6/21/21,19.1
New Jersey,6/21/21,26.9
New Mexico,6/21/21,31.2
New York,6/21/21,25.4
North Carolina,6/21/21,22.8
North Dakota,6/21/21,24.1
Ohio,6/21/21,25.4
Oklahoma,6/21/21,35.7
Oregon,6/21/21,25.1
Pennsylvania,6/21/21,24.9
Rhode Island,6/21/21,28.1
South Carolina,6/21/21,25
South Dakota,6/21/21,17.3
Tennessee,6/21/21,26.8
Texas,6/21/21,26.1
Utah,6/21/21,26.5
Vermont,6/21/21,20.9
Virginia,6/21/21,23.8
Washington,6/21/21,24.8
West Virginia,6/21/21,32.7
Wisconsin,6/21/21,20.7
Wyoming,6/21/21,21.6
Alabama,7/5/21,31
Alaska,7/5/21,24.4
Arizona,7/5/21,27.4
Arkansas,7/5/21,24.1
California,7/5/21,24.7
Colorado,7/5/21,24.1
Connecticut,7/5/21,22.9
Delaware,7/5/21,21.9
District of Columbia,7/5/21,23.2
Florida,7/5/21,22.9
Georgia,7/5/21,24.8
Hawaii,7/5/21,22
Idaho,7/5/21,24.1
Illinois,7/5/21,21.5
Indiana,7/5/21,24.4
Iowa,7/5/21,22.7
Kansas,7/5/21,23.6
Kentucky,7/5/21,28.6
Louisiana,7/5/21,24.4
Maine,7/5/21,19.1
Maryland,7/5/21,25.4
Massachusetts,7/5/21,22.9
Michigan,7/5/21,23.4
Minnesota,7/5/21,17.6
Mississippi,7/5/21,28.5
Missouri,7/5/21,25.1
Montana,7/5/21,23.2
Nebraska,7/5/21,22.7
Nevada,7/5/21,30.8
New Hampshire,7/5/21,25.3
New Jersey,7/5/21,19.1
New Mexico,7/5/21,33
New York,7/5/21,22.4
North Carolina,7/5/21,26.3
North Dakota,7/5/21,22.9
Ohio,7/5/21,25.3
Oklahoma,7/5/21,33.5
Oregon,7/5/21,32.6
Pennsylvania,7/5/21,22.5
Rhode Island,7/5/21,19.1
South Carolina,7/5/21,28
South Dakota,7/5/21,21.7
Tennessee,7/5/21,26.6
Texas,7/5/21,26.8
Utah,7/5/21,24.5
Vermont,7/5/21,23.6
Virginia,7/5/21,22.5
Washington,7/5/21,23.9
West Virginia,7/5/21,29.6
Wisconsin,7/5/21,19.2
Wyoming,7/5/21,22.3
Alabama,8/2/21,29.9
Alaska,8/2/21,30.5
Arizona,8/2/21,27.2
Arkansas,8/2/21,29.6
California,8/2/21,26.9
Colorado,8/2/21,24.4
Connecticut,8/2/21,21.7
Delaware,8/2/21,25.9
District of Columbia,8/2/21,28.2
Florida,8/2/21,27.4
Georgia,8/2/21,30
Hawaii,8/2/21,23.6
Idaho,8/2/21,24.7
Illinois,8/2/21,26.3
Indiana,8/2/21,25.6
Iowa,8/2/21,24.8
Kansas,8/2/21,26
Kentucky,8/2/21,27.9
Louisiana,8/2/21,36
Maine,8/2/21,30.6
Maryland,8/2/21,24.9
Massachusetts,8/2/21,25.3
Michigan,8/2/21,23.8
Minnesota,8/2/21,24.3
Mississippi,8/2/21,28.1
Missouri,8/2/21,26.7
Montana,8/2/21,20.1
Nebraska,8/2/21,21.6
Nevada,8/2/21,32.5
New Hampshire,8/2/21,21.8
New Jersey,8/2/21,21.6
New Mexico,8/2/21,30.1
New York,8/2/21,22.5
North Carolina,8/2/21,23.4
North Dakota,8/2/21,19.9
Ohio,8/2/21,28.2
Oklahoma,8/2/21,34.6
Oregon,8/2/21,27.8
Pennsylvania,8/2/21,24.8
Rhode Island,8/2/21,24.8
South Carolina,8/2/21,29.6
South Dakota,8/2/21,20.5
Tennessee,8/2/21,24.6
Texas,8/2/21,33.9
Utah,8/2/21,27.8
Vermont,8/2/21,23.5
Virginia,8/2/21,26
Washington,8/2/21,30.3
West Virginia,8/2/21,30.8
Wisconsin,8/2/21,23.8
Wyoming,8/2/21,27.8
Alabama,8/16/21,26.3
Alaska,8/16/21,23.8
Arizona,8/16/21,27.5
Arkansas,8/16/21,28.1
California,8/16/21,27.8
Colorado,8/16/21,26.5
Connecticut,8/16/21,22.5
Delaware,8/16/21,29.2
District of Columbia,8/16/21,24.4
Florida,8/16/21,27.8
Georgia,8/16/21,29.4
Hawaii,8/16/21,24.7
Idaho,8/16/21,26.8
Illinois,8/16/21,23.9
Indiana,8/16/21,22.4
Iowa,8/16/21,23.4
Kansas,8/16/21,23.8
Kentucky,8/16/21,27.9
Louisiana,8/16/21,34.9
Maine,8/16/21,22.9
Maryland,8/16/21,25.1
Massachusetts,8/16/21,24.4
Michigan,8/16/21,26.6
Minnesota,8/16/21,21.9
Mississippi,8/16/21,29.6
Missouri,8/16/21,27.9
Montana,8/16/21,25.9
Nebraska,8/16/21,24.2
Nevada,8/16/21,29
New Hampshire,8/16/21,23.2
New Jersey,8/16/21,21.3
New Mexico,8/16/21,29.4
New York,8/16/21,26.8
North Carolina,8/16/21,26.5
North Dakota,8/16/21,20.1
Ohio,8/16/21,23.4
Oklahoma,8/16/21,35.1
Oregon,8/16/21,25.8
Pennsylvania,8/16/21,25.5
Rhode Island,8/16/21,25.7
South Carolina,8/16/21,24.6
South Dakota,8/16/21,19.2
Tennessee,8/16/21,28.9
Texas,8/16/21,28.4
Utah,8/16/21,29.2
Vermont,8/16/21,25.3
Virginia,8/16/21,25.2
Washington,8/16/21,27.9
West Virginia,8/16/21,31.6
Wisconsin,8/16/21,23.7
Wyoming,8/16/21,22.2
Alabama,8/30/21,34.5
Alaska,8/30/21,27.9
Arizona,8/30/21,30.4
Arkansas,8/30/21,32.2
California,8/30/21,26.2
Colorado,8/30/21,27.9
Connecticut,8/30/21,24
Delaware,8/30/21,30
District of Columbia,8/30/21,30
Florida,8/30/21,27.5
Georgia,8/30/21,30.3
Hawaii,8/30/21,26.5
Idaho,8/30/21,25.7
Illinois,8/30/21,24.8
Indiana,8/30/21,27.2
Iowa,8/30/21,24.2
Kansas,8/30/21,25.8
Kentucky,8/30/21,31.5
Louisiana,8/30/21,36.2
Maine,8/30/21,28.8
Maryland,8/30/21,28
Massachusetts,8/30/21,28.2
Michigan,8/30/21,27.2
Minnesota,8/30/21,24.8
Mississippi,8/30/21,27.1
Missouri,8/30/21,27.1
Montana,8/30/21,23.9
Nebraska,8/30/21,24.8
Nevada,8/30/21,32.3
New Hampshire,8/30/21,21.6
New Jersey,8/30/21,27.1
New Mexico,8/30/21,27.1
New York,8/30/21,23.6
North Carolina,8/30/21,30.1
North Dakota,8/30/21,25.5
Ohio,8/30/21,27.9
Oklahoma,8/30/21,31.8
Oregon,8/30/21,31.8
Pennsylvania,8/30/21,31.4
Rhode Island,8/30/21,25.6
South Carolina,8/30/21,25.4
South Dakota,8/30/21,25.2
Tennessee,8/30/21,35.2
Texas,8/30/21,28.3
Utah,8/30/21,29.7
Vermont,8/30/21,25.8
Virginia,8/30/21,24.8
Washington,8/30/21,29.4
West Virginia,8/30/21,29.6
Wisconsin,8/30/21,22.5
Wyoming,8/30/21,28
Alabama,9/13/21,30.7
Alaska,9/13/21,30
Arizona,9/13/21,26.8
Arkansas,9/13/21,30
California,9/13/21,26.7
Colorado,9/13/21,25.7
Connecticut,9/13/21,25.5
Delaware,9/13/21,27.5
District of Columbia,9/13/21,28.3
Florida,9/13/21,32.9
Georgia,9/13/21,25.3
Hawaii,9/13/21,26.4
Idaho,9/13/21,26
Illinois,9/13/21,28
Indiana,9/13/21,26.1
Iowa,9/13/21,25.3
Kansas,9/13/21,30
Kentucky,9/13/21,30.7
Louisiana,9/13/21,40.1
Maine,9/13/21,22.9
Maryland,9/13/21,29.1
Massachusetts,9/13/21,27.4
Michigan,9/13/21,25
Minnesota,9/13/21,21.9
Mississippi,9/13/21,24.6
Missouri,9/13/21,27.3
Montana,9/13/21,23.3
Nebraska,9/13/21,24.5
Nevada,9/13/21,29.7
New Hampshire,9/13/21,26.3
New Jersey,9/13/21,25.4
New Mexico,9/13/21,29
New York,9/13/21,27.8
North Carolina,9/13/21,29.7
North Dakota,9/13/21,27
Ohio,9/13/21,28.2
Oklahoma,9/13/21,29.4
Oregon,9/13/21,32.5
Pennsylvania,9/13/21,24.3
Rhode Island,9/13/21,29.5
South Carolina,9/13/21,26.6
South Dakota,9/13/21,18.5
Tennessee,9/13/21,33.3
Texas,9/13/21,31.9
Utah,9/13/21,26.7
Vermont,9/13/21,29.3
Virginia,9/13/21,26
Washington,9/13/21,28.9
West Virginia,9/13/21,26.6
Wisconsin,9/13/21,22.8
Wyoming,9/13/21,25.8
Alabama,9/27/21,27.4
Alaska,9/27/21,26.7
Arizona,9/27/21,27
Arkansas,9/27/21,30.6
California,9/27/21,28.9
Colorado,9/27/21,27.7
Connecticut,9/27/21,24.2
Delaware,9/27/21,29.8
District of Columbia,9/27/21,27.3
Florida,9/27/21,26.4
Georgia,9/27/21,27.6
Hawaii,9/27/21,26
Idaho,9/27/21,25.1
Illinois,9/27/21,25.6
Indiana,9/27/21,27.7
Iowa,9/27/21,24.8
Kansas,9/27/21,31.2
Kentucky,9/27/21,26.3
Louisiana,9/27/21,39.2
Maine,9/27/21,28
Maryland,9/27/21,26.3
Massachusetts,9/27/21,25.3
Michigan,9/27/21,22.3
Minnesota,9/27/21,23.7
Mississippi,9/27/21,33.2
Missouri,9/27/21,33
Montana,9/27/21,30.7
Nebraska,9/27/21,23
Nevada,9/27/21,30.1
New Hampshire,9/27/21,24.8
New Jersey,9/27/21,26.4
New Mexico,9/27/21,30.5
New York,9/27/21,34.5
North Carolina,9/27/21,23.8
North Dakota,9/27/21,24.2
Ohio,9/27/21,25.5
Oklahoma,9/27/21,34.1
Oregon,9/27/21,32.9
Pennsylvania,9/27/21,28.5
Rhode Island,9/27/21,24.7
South Carolina,9/27/21,23.2
South Dakota,9/27/21,18.6
Tennessee,9/27/21,33.4
Texas,9/27/21,26.7
Utah,9/27/21,30.1
Vermont,9/27/21,21.2
Virginia,9/27/21,26.2
Washington,9/27/21,30.7
West Virginia,9/27/21,27.2
Wisconsin,9/27/21,24.6
Wyoming,9/27/21,23.1
Alabama,10/11/21,28.7
Alaska,10/11/21,32.9
Arizona,10/11/21,29.6
Arkansas,10/11/21,33.8
California,10/11/21,28.7
Colorado,10/11/21,29.1
Connecticut,10/11/21,25.1
Delaware,10/11/21,21.8
District of Columbia,10/11/21,31.6
Florida,10/11/21,25.7
Georgia,10/11/21,31
Hawaii,10/11/21,26.5
Idaho,10/11/21,29.1
Illinois,10/11/21,26.7
Indiana,10/11/21,23.3
Iowa,10/11/21,23
Kansas,10/11/21,26.8
Kentucky,10/11/21,30.9
Louisiana,10/11/21,28.8
Maine,10/11/21,24.4
Maryland,10/11/21,23.5
Massachusetts,10/11/21,28.2
Michigan,10/11/21,27.3
Minnesota,10/11/21,22.6
Mississippi,10/11/21,30.6
Missouri,10/11/21,29.6
Montana,10/11/21,23.3
Nebraska,10/11/21,28.6
Nevada,10/11/21,25.8
New Hampshire,10/11/21,20
New Jersey,10/11/21,22.2
New Mexico,10/11/21,26.3
New York,10/11/21,26.5
North Carolina,10/11/21,27.3
North Dakota,10/11/21,29
Ohio,10/11/21,23
Oklahoma,10/11/21,31.9
Oregon,10/11/21,30.6
Pennsylvania,10/11/21,31
Rhode Island,10/11/21,34.4
South Carolina,10/11/21,26.5
South Dakota,10/11/21,21.7
Tennessee,10/11/21,29
Texas,10/11/21,28.6
Utah,10/11/21,26.5
Vermont,10/11/21,27.6
Virginia,10/11/21,23.6
Washington,10/11/21,28.2
West Virginia,10/11/21,27.6
Wisconsin,10/11/21,21
Wyoming,10/11/21,27
Alabama,12/13/21,27
Alaska,12/13/21,34.1
Arizona,12/13/21,26.9
Arkansas,12/13/21,29.7
California,12/13/21,25.2
Colorado,12/13/21,27.9
Connecticut,12/13/21,25.7
Delaware,12/13/21,23.4
District of Columbia,12/13/21,27.2
Florida,12/13/21,24.9
Georgia,12/13/21,25.5
Hawaii,12/13/21,27.2
Idaho,12/13/21,28.7
Illinois,12/13/21,23.8
Indiana,12/13/21,24.9
Iowa,12/13/21,26.4
Kansas,12/13/21,24.9
Kentucky,12/13/21,33.5
Louisiana,12/13/21,36.7
Maine,12/13/21,25.9
Maryland,12/13/21,23.6
Massachusetts,12/13/21,25.4
Michigan,12/13/21,27.5
Minnesota,12/13/21,23.2
Mississippi,12/13/21,26.3
Missouri,12/13/21,29
Montana,12/13/21,28.4
Nebraska,12/13/21,27.2
Nevada,12/13/21,30.9
New Hampshire,12/13/21,27
New Jersey,12/13/21,22.9
New Mexico,12/13/21,28.5
New York,12/13/21,29.1
North Carolina,12/13/21,25
North Dakota,12/13/21,29.9
Ohio,12/13/21,26.5
Oklahoma,12/13/21,34.2
Oregon,12/13/21,31.1
Pennsylvania,12/13/21,26
Rhode Island,12/13/21,25.9
South Carolina,12/13/21,23
South Dakota,12/13/21,20.6
Tennessee,12/13/21,26.8
Texas,12/13/21,24.9
Utah,12/13/21,28
Vermont,12/13/21,28.1
Virginia,12/13/21,28.7
Washington,12/13/21,30.1
West Virginia,12/13/21,36.5
Wisconsin,12/13/21,23.1
Wyoming,12/13/21,29
Alabama,1/10/22,26.7
Alaska,1/10/22,28.6
Arizona,1/10/22,30.5
Arkansas,1/10/22,36.1
California,1/10/22,27.1
Colorado,1/10/22,26.7
Connecticut,1/10/22,28
Delaware,1/10/22,27.4
District of Columbia,1/10/22,30.3
Florida,1/10/22,28.9
Georgia,1/10/22,24.6
Hawaii,1/10/22,26.7
Idaho,1/10/22,24.4
Illinois,1/10/22,25.7
Indiana,1/10/22,27.4
Iowa,1/10/22,24.8
Kansas,1/10/22,25.4
Kentucky,1/10/22,30.3
Louisiana,1/10/22,26.6
Maine,1/10/22,28.9
Maryland,1/10/22,24.9
Massachusetts,1/10/22,26.4
Michigan,1/10/22,26.6
Minnesota,1/10/22,22
Mississippi,1/10/22,31
Missouri,1/10/22,25.1
Montana,1/10/22,29.9
Nebraska,1/10/22,31.6
Nevada,1/10/22,29.8
New Hampshire,1/10/22,27.2
New Jersey,1/10/22,28.5
New Mexico,1/10/22,33.2
New York,1/10/22,28.7
North Carolina,1/10/22,25.6
North Dakota,1/10/22,22
Ohio,1/10/22,28
Oklahoma,1/10/22,32.2
Oregon,1/10/22,32
Pennsylvania,1/10/22,25.5
Rhode Island,1/10/22,32.3
South Carolina,1/10/22,26.5
South Dakota,1/10/22,24.7
Tennessee,1/10/22,27.5
Texas,1/10/22,31
Utah,1/10/22,30.4
Vermont,1/10/22,30.7
Virginia,1/10/22,31.7
Washington,1/10/22,28.1
West Virginia,1/10/22,31.6
Wisconsin,1/10/22,23.7
Wyoming,1/10/22,29.2
Alabama,2/7/22,30.4
Alaska,2/7/22,27.4
Arizona,2/7/22,26.1
Arkansas,2/7/22,34.4
California,2/7/22,28.4
Colorado,2/7/22,25.4
Connecticut,2/7/22,26.4
Delaware,2/7/22,29.5
District of Columbia,2/7/22,23.7
Florida,2/7/22,27.9
Georgia,2/7/22,25.5
Hawaii,2/7/22,29
Idaho,2/7/22,23.3
Illinois,2/7/22,27.8
Indiana,2/7/22,25.2
Iowa,2/7/22,21.4
Kansas,2/7/22,25.7
Kentucky,2/7/22,29.4
Louisiana,2/7/22,29.3
Maine,2/7/22,27.9
Maryland,2/7/22,25.4
Massachusetts,2/7/22,26.7
Michigan,2/7/22,26.9
Minnesota,2/7/22,21.3
Mississippi,2/7/22,33.7
Missouri,2/7/22,26.2
Montana,2/7/22,29.2
Nebraska,2/7/22,23.7
Nevada,2/7/22,31.1
New Hampshire,2/7/22,20.8
New Jersey,2/7/22,30.7
New Mexico,2/7/22,29.4
New York,2/7/22,26.1
North Carolina,2/7/22,25.1
North Dakota,2/7/22,24.1
Ohio,2/7/22,23.1
Oklahoma,2/7/22,29.9
Oregon,2/7/22,32
Pennsylvania,2/7/22,27
Rhode Island,2/7/22,25.4
South Carolina,2/7/22,26
South Dakota,2/7/22,23.8
Tennessee,2/7/22,29
Texas,2/7/22,28.3
Utah,2/7/22,24.2
Vermont,2/7/22,29.3
Virginia,2/7/22,26.4
Washington,2/7/22,27.6
West Virginia,2/7/22,30.5
Wisconsin,2/7/22,26.1
Wyoming,2/7/22,30.3
Alabama,3/14/22,26.4
Alaska,3/14/22,28.3
Arizona,3/14/22,28.7
Arkansas,3/14/22,33.1
California,3/14/22,28.8
Colorado,3/14/22,24
Connecticut,3/14/22,25.3
Delaware,3/14/22,22
District of Columbia,3/14/22,29
Florida,3/14/22,25.5
Georgia,3/14/22,25
Hawaii,3/14/22,20.7
Idaho,3/14/22,27.3
Illinois,3/14/22,27.5
Indiana,3/14/22,26.3
Iowa,3/14/22,23.7
Kansas,3/14/22,27.7
Kentucky,3/14/22,31.5
Louisiana,3/14/22,35.2
Maine,3/14/22,24.4
Maryland,3/14/22,25
Massachusetts,3/14/22,27.7
Michigan,3/14/22,23.7
Minnesota,3/14/22,24.7
Mississippi,3/14/22,31.4
Missouri,3/14/22,29.6
Montana,3/14/22,23.4
Nebraska,3/14/22,25.4
Nevada,3/14/22,29.2
New Hampshire,3/14/22,26.4
New Jersey,3/14/22,22.4
New Mexico,3/14/22,31.3
New York,3/14/22,24.7
North Carolina,3/14/22,26.9
North Dakota,3/14/22,22.5
Ohio,3/14/22,29.8
Oklahoma,3/14/22,32.2
Oregon,3/14/22,30.1
Pennsylvania,3/14/22,30.4
Rhode Island,3/14/22,24.1
South Carolina,3/14/22,23.1
South Dakota,3/14/22,25.5
Tennessee,3/14/22,24.3
Texas,3/14/22,29.5
Utah,3/14/22,27.7
Vermont,3/14/22,26.6
Virginia,3/14/22,26.3
Washington,3/14/22,30.7
West Virginia,3/14/22,30.6
Wisconsin,3/14/22,23.7
Wyoming,3/14/22,28.6
Alabama,4/11/22,22.2
Alaska,4/11/22,24.5
Arizona,4/11/22,26.7
Arkansas,4/11/22,26.9
California,4/11/22,25.9
Colorado,4/11/22,28.6
Connecticut,4/11/22,23.3
Delaware,4/11/22,22.1
District of Columbia,4/11/22,30.9
Florida,4/11/22,30.9
Georgia,4/11/22,27.6
Hawaii,4/11/22,19.2
Idaho,4/11/22,25
Illinois,4/11/22,27.5
Indiana,4/11/22,25.5
Iowa,4/11/22,23.6
Kansas,4/11/22,28.4
Kentucky,4/11/22,32.4
Louisiana,4/11/22,33.5
Maine,4/11/22,29.5
Maryland,4/11/22,25.1
Massachusetts,4/11/22,27
Michigan,4/11/22,22.3
Minnesota,4/11/22,23.9
Mississippi,4/11/22,28.1
Missouri,4/11/22,30
Montana,4/11/22,26.6
Nebraska,4/11/22,24.3
Nevada,4/11/22,26.4
New Hampshire,4/11/22,24.7
New Jersey,4/11/22,27.7
New Mexico,4/11/22,34.4
New York,4/11/22,25.7
North Carolina,4/11/22,26
North Dakota,4/11/22,28.9
Ohio,4/11/22,25.1
Oklahoma,4/11/22,32.2
Oregon,4/11/22,31.8
Pennsylvania,4/11/22,25.7
Rhode Island,4/11/22,22.5
South Carolina,4/11/22,22.6
South Dakota,4/11/22,25.8
Tennessee,4/11/22,27.7
Texas,4/11/22,28.8
Utah,4/11/22,27.4
Vermont,4/11/22,25.9
Virginia,4/11/22,25.7
Washington,4/11/22,25.3
West Virginia,4/11/22,36.7
Wisconsin,4/11/22,24.5
Wyoming,4/11/22,27.6
Alabama,5/9/22,27.4
Alaska,5/9/22,26.1
Arizona,5/9/22,25.7
Arkansas,5/9/22,26
California,5/9/22,28
Colorado,5/9/22,20.9
Connecticut,5/9/22,24.9
Delaware,5/9/22,21.9
District of Columbia,5/9/22,25.3
Florida,5/9/22,22.9
Georgia,5/9/22,24.7
Hawaii,5/9/22,20.4
Idaho,5/9/22,26.3
Illinois,5/9/22,26.3
Indiana,5/9/22,24.5
Iowa,5/9/22,24.8
Kansas,5/9/22,26.1
Kentucky,5/9/22,32.8
Louisiana,5/9/22,28.4
Maine,5/9/22,27.2
Maryland,5/9/22,24.9
Massachusetts,5/9/22,26.9
Michigan,5/9/22,27.6
Minnesota,5/9/22,23.2
Mississippi,5/9/22,31.6
Missouri,5/9/22,28.3
Montana,5/9/22,27.9
Nebraska,5/9/22,25.8
Nevada,5/9/22,25.7
New Hampshire,5/9/22,30
New Jersey,5/9/22,26.4
New Mexico,5/9/22,26.1
New York,5/9/22,27.9
North Carolina,5/9/22,25.5
North Dakota,5/9/22,26.3
Ohio,5/9/22,24
Oklahoma,5/9/22,31.4
Oregon,5/9/22,28.8
Pennsylvania,5/9/22,27.9
Rhode Island,5/9/22,22.1
South Carolina,5/9/22,27
South Dakota,5/9/22,16.3
Tennessee,5/9/22,27.6
Texas,5/9/22,30
Utah,5/9/22,31.9
Vermont,5/9/22,22.6
Virginia,5/9/22,25.7
Washington,5/9/22,29.8
West Virginia,5/9/22,26.9
Wisconsin,5/9/22,22.8
Wyoming,5/9/22,22.8
Alabama,6/13/22,32.1
Alaska,6/13/22,29.8
Arizona,6/13/22,30.7
Arkansas,6/13/22,33
California,6/13/22,30.8
Colorado,6/13/22,30.2
Connecticut,6/13/22,25.9
Delaware,6/13/22,20.4
District of Columbia,6/13/22,22.9
Florida,6/13/22,26.9
Georgia,6/13/22,26.2
Hawaii,6/13/22,19.9
Idaho,6/13/22,27.6
Illinois,6/13/22,28.2
Indiana,6/13/22,30.3
Iowa,6/13/22,30
Kansas,6/13/22,24.4
Kentucky,6/13/22,38
Louisiana,6/13/22,34.7
Maine,6/13/22,26.9
Maryland,6/13/22,29.2
Massachusetts,6/13/22,26.6
Michigan,6/13/22,23.4
Minnesota,6/13/22,24.8
Mississippi,6/13/22,37.8
Missouri,6/13/22,26.9
Montana,6/13/22,24.4
Nebraska,6/13/22,22.4
Nevada,6/13/22,34
New Hampshire,6/13/22,29
New Jersey,6/13/22,26.3
New Mexico,6/13/22,28.3
New York,6/13/22,27.5
North Carolina,6/13/22,31.5
North Dakota,6/13/22,23.6
Ohio,6/13/22,29.7
Oklahoma,6/13/22,31
Oregon,6/13/22,29.5
Pennsylvania,6/13/22,25.5
Rhode Island,6/13/22,29
South Carolina,6/13/22,33.6
South Dakota,6/13/22,24.4
Tennessee,6/13/22,32.9
Texas,6/13/22,30.5
Utah,6/13/22,30.9
Vermont,6/13/22,25.4
Virginia,6/13/22,26.2
Washington,6/13/22,26.1
West Virginia,6/13/22,33.9
Wisconsin,6/13/22,27.3
Wyoming,6/13/22,29.1