﻿group,period_end,value
Alabama,5/5/20,18.6
Alaska,5/5/20,19.2
Arizona,5/5/20,22.4
Arkansas,5/5/20,26.6
California,5/5/20,25.4
Colorado,5/5/20,22
Connecticut,5/5/20,24.4
Delaware,5/5/20,21.1
District of Columbia,5/5/20,26.4
Florida,5/5/20,22.5
Georgia,5/5/20,25.6
Hawaii,5/5/20,20
Idaho,5/5/20,20.6
Illinois,5/5/20,23.3
Indiana,5/5/20,26.4
Iowa,5/5/20,16.5
Kansas,5/5/20,22.1
Kentucky,5/5/20,23.2
Louisiana,5/5/20,28.1
Maine,5/5/20,19.5
Maryland,5/5/20,20.9
Massachusetts,5/5/20,25.9
Michigan,5/5/20,25.5
Minnesota,5/5/20,20.4
Mississippi,5/5/20,22.9
Missouri,5/5/20,21
Montana,5/5/20,18.2
Nebraska,5/5/20,19.1
Nevada,5/5/20,23.6
New Hampshire,5/5/20,19.5
New Jersey,5/5/20,23.6
New Mexico,5/5/20,22.4
New York,5/5/20,28.7
North Carolina,5/5/20,21.1
North Dakota,5/5/20,17
Ohio,5/5/20,21.2
Oklahoma,5/5/20,20.8
Oregon,5/5/20,22.5
Pennsylvania,5/5/20,24.7
Rhode Island,5/5/20,24.5
South Carolina,5/5/20,21.6
South Dakota,5/5/20,17.5
Tennessee,5/5/20,22.2
Texas,5/5/20,24.4
Utah,5/5/20,22.9
Vermont,5/5/20,20.7
Virginia,5/5/20,21.5
Washington,5/5/20,22.1
West Virginia,5/5/20,23.4
Wisconsin,5/5/20,22
Wyoming,5/5/20,18.9
Alabama,5/12/20,22.5
Alaska,5/12/20,25.1
Arizona,5/12/20,25.3
Arkansas,5/12/20,24.5
California,5/12/20,22.8
Colorado,5/12/20,23.6
Connecticut,5/12/20,21.5
Delaware,5/12/20,23.3
District of Columbia,5/12/20,30.3
Florida,5/12/20,24.8
Georgia,5/12/20,25.6
Hawaii,5/12/20,16.8
Idaho,5/12/20,17
Illinois,5/12/20,29.2
Indiana,5/12/20,19.9
Iowa,5/12/20,18.1
Kansas,5/12/20,16.7
Kentucky,5/12/20,25.6
Louisiana,5/12/20,30
Maine,5/12/20,17.1
Maryland,5/12/20,24.6
Massachusetts,5/12/20,18.9
Michigan,5/12/20,23.4
Minnesota,5/12/20,18.4
Mississippi,5/12/20,35.5
Missouri,5/12/20,24.1
Montana,5/12/20,20.8
Nebraska,5/12/20,21.6
Nevada,5/12/20,31.2
New Hampshire,5/12/20,23.3
New Jersey,5/12/20,26.4
New Mexico,5/12/20,29
New York,5/12/20,29.2
North Carolina,5/12/20,20.2
North Dakota,5/12/20,20.2
Ohio,5/12/20,26.4
Oklahoma,5/12/20,20.7
Oregon,5/12/20,17.8
Pennsylvania,5/12/20,23
Rhode Island,5/12/20,22.8
South Carolina,5/12/20,25.6
South Dakota,5/12/20,20.5
Tennessee,5/12/20,21.7
Texas,5/12/20,25.7
Utah,5/12/20,22.6
Vermont,5/12/20,26.8
Virginia,5/12/20,20.6
Washington,5/12/20,22.9
West Virginia,5/12/20,31.8
Wisconsin,5/12/20,22.9
Wyoming,5/12/20,18.6
Alabama,5/19/20,19.6
Alaska,5/19/20,23.6
Arizona,5/19/20,20
Arkansas,5/19/20,28.9
California,5/19/20,28.7
Colorado,5/19/20,23.7
Connecticut,5/19/20,20.2
Delaware,5/19/20,21.8
District of Columbia,5/19/20,25.9
Florida,5/19/20,24.3
Georgia,5/19/20,24.8
Hawaii,5/19/20,21.3
Idaho,5/19/20,18.1
Illinois,5/19/20,24.3
Indiana,5/19/20,24.5
Iowa,5/19/20,18.6
Kansas,5/19/20,21.2
Kentucky,5/19/20,22.8
Louisiana,5/19/20,26.5
Maine,5/19/20,25.6
Maryland,5/19/20,20.8
Massachusetts,5/19/20,22.8
Michigan,5/19/20,27.9
Minnesota,5/19/20,20
Mississippi,5/19/20,36.4
Missouri,5/19/20,24.3
Montana,5/19/20,21.1
Nebraska,5/19/20,20.4
Nevada,5/19/20,26.9
New Hampshire,5/19/20,20.3
New Jersey,5/19/20,26.9
New Mexico,5/19/20,28.4
New York,5/19/20,23.8
North Carolina,5/19/20,22.6
North Dakota,5/19/20,22.5
Ohio,5/19/20,27
Oklahoma,5/19/20,25.7
Oregon,5/19/20,22.7
Pennsylvania,5/19/20,19.8
Rhode Island,5/19/20,18.8
South Carolina,5/19/20,25.3
South Dakota,5/19/20,22.7
Tennessee,5/19/20,25.6
Texas,5/19/20,24.9
Utah,5/19/20,21.2
Vermont,5/19/20,19
Virginia,5/19/20,25.4
Washington,5/19/20,23.2
West Virginia,5/19/20,27
Wisconsin,5/19/20,20.3
Wyoming,5/19/20,20.7
Alabama,5/26/20,20.9
Alaska,5/26/20,26.8
Arizona,5/26/20,25.1
Arkansas,5/26/20,23.8
California,5/26/20,26.9
Colorado,5/26/20,25.5
Connecticut,5/26/20,21
Delaware,5/26/20,22.7
District of Columbia,5/26/20,20.9
Florida,5/26/20,28.6
Georgia,5/26/20,27.7
Hawaii,5/26/20,18.5
Idaho,5/26/20,18.9
Illinois,5/26/20,24.2
Indiana,5/26/20,24.8
Iowa,5/26/20,17.6
Kansas,5/26/20,25.2
Kentucky,5/26/20,23.2
Louisiana,5/26/20,31.1
Maine,5/26/20,18.5
Maryland,5/26/20,22.9
Massachusetts,5/26/20,20.3
Michigan,5/26/20,25.1
Minnesota,5/26/20,17.7
Mississippi,5/26/20,27.7
Missouri,5/26/20,24.3
Montana,5/26/20,22.2
Nebraska,5/26/20,17.2
Nevada,5/26/20,27.1
New Hampshire,5/26/20,22.2
New Jersey,5/26/20,22.9
New Mexico,5/26/20,28.7
New York,5/26/20,23.7
North Carolina,5/26/20,22.1
North Dakota,5/26/20,19.8
Ohio,5/26/20,27.4
Oklahoma,5/26/20,27.5
Oregon,5/26/20,24.2
Pennsylvania,5/26/20,25.9
Rhode Island,5/26/20,21.4
South Carolina,5/26/20,21.7
South Dakota,5/26/20,25.8
Tennessee,5/26/20,22.5
Texas,5/26/20,28.8
Utah,5/26/20,24.9
Vermont,5/26/20,19.4
Virginia,5/26/20,22.3
Washington,5/26/20,22.2
West Virginia,5/26/20,22
Wisconsin,5/26/20,20.8
Wyoming,5/26/20,18.8
Alabama,6/2/20,28.4
Alaska,6/2/20,24.4
Arizona,6/2/20,23.9
Arkansas,6/2/20,28.9
California,6/2/20,26.9
Colorado,6/2/20,23.9
Connecticut,6/2/20,25.4
Delaware,6/2/20,20.7
District of Columbia,6/2/20,21.3
Florida,6/2/20,29.6
Georgia,6/2/20,24.5
Hawaii,6/2/20,17
Idaho,6/2/20,23.8
Illinois,6/2/20,26.9
Indiana,6/2/20,25.6
Iowa,6/2/20,22.6
Kansas,6/2/20,23.1
Kentucky,6/2/20,28.5
Louisiana,6/2/20,26.8
Maine,6/2/20,18.5
Maryland,6/2/20,21.9
Massachusetts,6/2/20,20.3
Michigan,6/2/20,25.9
Minnesota,6/2/20,19.1
Mississippi,6/2/20,28.6
Missouri,6/2/20,24.5
Montana,6/2/20,20.5
Nebraska,6/2/20,18.2
Nevada,6/2/20,20.2
New Hampshire,6/2/20,22.6
New Jersey,6/2/20,25.8
New Mexico,6/2/20,24.3
New York,6/2/20,24.5
North Carolina,6/2/20,22.3
North Dakota,6/2/20,19.3
Ohio,6/2/20,28.1
Oklahoma,6/2/20,31.8
Oregon,6/2/20,27.6
Pennsylvania,6/2/20,24.6
Rhode Island,6/2/20,22.3
South Carolina,6/2/20,28.8
South Dakota,6/2/20,20
Tennessee,6/2/20,22.9
Texas,6/2/20,26.2
Utah,6/2/20,22.3
Vermont,6/2/20,23.5
Virginia,6/2/20,21.4
Washington,6/2/20,27.1
West Virginia,6/2/20,26.2
Wisconsin,6/2/20,17.7
Wyoming,6/2/20,25.2
Alabama,6/9/20,27.7
Alaska,6/9/20,21.5
Arizona,6/9/20,26.5
Arkansas,6/9/20,26.5
California,6/9/20,28.6
Colorado,6/9/20,23.9
Connecticut,6/9/20,20.7
Delaware,6/9/20,25.3
District of Columbia,6/9/20,25.9
Florida,6/9/20,30.2
Georgia,6/9/20,25.6
Hawaii,6/9/20,19.5
Idaho,6/9/20,19.2
Illinois,6/9/20,27.9
Indiana,6/9/20,22.2
Iowa,6/9/20,25.7
Kansas,6/9/20,28.6
Kentucky,6/9/20,25.5
Louisiana,6/9/20,28.4
Maine,6/9/20,20.6
Maryland,6/9/20,18.4
Massachusetts,6/9/20,21.8
Michigan,6/9/20,19.1
Minnesota,6/9/20,19.7
Mississippi,6/9/20,29.6
Missouri,6/9/20,23.1
Montana,6/9/20,17.5
Nebraska,6/9/20,21.7
Nevada,6/9/20,27.6
New Hampshire,6/9/20,26.2
New Jersey,6/9/20,21.8
New Mexico,6/9/20,23.7
New York,6/9/20,28.5
North Carolina,6/9/20,21.6
North Dakota,6/9/20,14.7
Ohio,6/9/20,26.4
Oklahoma,6/9/20,24.7
Oregon,6/9/20,27.1
Pennsylvania,6/9/20,24.7
Rhode Island,6/9/20,19
South Carolina,6/9/20,25
South Dakota,6/9/20,21.2
Tennessee,6/9/20,27.2
Texas,6/9/20,30.3
Utah,6/9/20,25.3
Vermont,6/9/20,25.1
Virginia,6/9/20,27.5
Washington,6/9/20,21.4
West Virginia,6/9/20,27.9
Wisconsin,6/9/20,19.5
Wyoming,6/9/20,20.9
Alabama,6/16/20,26.7
Alaska,6/16/20,23.5
Arizona,6/16/20,25
Arkansas,6/16/20,29.6
California,6/16/20,27.2
Colorado,6/16/20,22.1
Connecticut,6/16/20,25.5
Delaware,6/16/20,24.4
District of Columbia,6/16/20,16.3
Florida,6/16/20,28.1
Georgia,6/16/20,25.7
Hawaii,6/16/20,26.8
Idaho,6/16/20,14.3
Illinois,6/16/20,24.8
Indiana,6/16/20,26.6
Iowa,6/16/20,22.4
Kansas,6/16/20,24.6
Kentucky,6/16/20,22.6
Louisiana,6/16/20,34.5
Maine,6/16/20,23.7
Maryland,6/16/20,27.9
Massachusetts,6/16/20,17
Michigan,6/16/20,21.4
Minnesota,6/16/20,19.9
Mississippi,6/16/20,24.8
Missouri,6/16/20,26.1
Montana,6/16/20,21.8
Nebraska,6/16/20,20.3
Nevada,6/16/20,30.4
New Hampshire,6/16/20,21.7
New Jersey,6/16/20,26.9
New Mexico,6/16/20,18.8
New York,6/16/20,23.4
North Carolina,6/16/20,23.9
North Dakota,6/16/20,23.4
Ohio,6/16/20,26.8
Oklahoma,6/16/20,22.5
Oregon,6/16/20,31.1
Pennsylvania,6/16/20,25.5
Rhode Island,6/16/20,24.1
South Carolina,6/16/20,28.1
South Dakota,6/16/20,19.2
Tennessee,6/16/20,21.5
Texas,6/16/20,27.6
Utah,6/16/20,18.5
Vermont,6/16/20,26.2
Virginia,6/16/20,23.3
Washington,6/16/20,22.5
West Virginia,6/16/20,23.5
Wisconsin,6/16/20,17.5
Wyoming,6/16/20,18.9
Alabama,6/23/20,27.5
Alaska,6/23/20,25.7
Arizona,6/23/20,28.9
Arkansas,6/23/20,28.7
California,6/23/20,26.4
Colorado,6/23/20,23
Connecticut,6/23/20,28.7
Delaware,6/23/20,22.9
District of Columbia,6/23/20,31
Florida,6/23/20,28.8
Georgia,6/23/20,27.9
Hawaii,6/23/20,18.3
Idaho,6/23/20,23
Illinois,6/23/20,23.8
Indiana,6/23/20,23.7
Iowa,6/23/20,26.1
Kansas,6/23/20,24.4
Kentucky,6/23/20,29
Louisiana,6/23/20,35.6
Maine,6/23/20,19
Maryland,6/23/20,22
Massachusetts,6/23/20,22.8
Michigan,6/23/20,23.3
Minnesota,6/23/20,21.5
Mississippi,6/23/20,29.3
Missouri,6/23/20,25
Montana,6/23/20,21.6
Nebraska,6/23/20,22.1
Nevada,6/23/20,32.5
New Hampshire,6/23/20,23
New Jersey,6/23/20,24.4
New Mexico,6/23/20,29.4
New York,6/23/20,24.2
North Carolina,6/23/20,22.5
North Dakota,6/23/20,25.1
Ohio,6/23/20,21.5
Oklahoma,6/23/20,33.2
Oregon,6/23/20,31
Pennsylvania,6/23/20,27.3
Rhode Island,6/23/20,22.1
South Carolina,6/23/20,22.4
South Dakota,6/23/20,21.7
Tennessee,6/23/20,26.8
Texas,6/23/20,25.6
Utah,6/23/20,27.3
Vermont,6/23/20,18.4
Virginia,6/23/20,26.9
Washington,6/23/20,26.4
West Virginia,6/23/20,30.2
Wisconsin,6/23/20,15.7
Wyoming,6/23/20,17.6
Alabama,6/30/20,26.5
Alaska,6/30/20,23.8
Arizona,6/30/20,32.7
Arkansas,6/30/20,29.6
California,6/30/20,27.6
Colorado,6/30/20,26.1
Connecticut,6/30/20,24
Delaware,6/30/20,25.4
District of Columbia,6/30/20,27.6
Florida,6/30/20,31.8
Georgia,6/30/20,31.4
Hawaii,6/30/20,28.2
Idaho,6/30/20,29.5
Illinois,6/30/20,28.1
Indiana,6/30/20,26.2
Iowa,6/30/20,23.1
Kansas,6/30/20,20.9
Kentucky,6/30/20,26.4
Louisiana,6/30/20,32.2
Maine,6/30/20,23.8
Maryland,6/30/20,22.1
Massachusetts,6/30/20,24.2
Michigan,6/30/20,23.5
Minnesota,6/30/20,22.3
Mississippi,6/30/20,34.4
Missouri,6/30/20,25.6
Montana,6/30/20,22.2
Nebraska,6/30/20,22
Nevada,6/30/20,26.8
New Hampshire,6/30/20,24.3
New Jersey,6/30/20,24.2
New Mexico,6/30/20,29.7
New York,6/30/20,23.9
North Carolina,6/30/20,22.7
North Dakota,6/30/20,25
Ohio,6/30/20,23.3
Oklahoma,6/30/20,32.8
Oregon,6/30/20,27.1
Pennsylvania,6/30/20,26.5
Rhode Island,6/30/20,24
South Carolina,6/30/20,28.9
South Dakota,6/30/20,25.1
Tennessee,6/30/20,30.5
Texas,6/30/20,28.2
Utah,6/30/20,26
Vermont,6/30/20,22.3
Virginia,6/30/20,24.2
Washington,6/30/20,31.1
West Virginia,6/30/20,34.5
Wisconsin,6/30/20,19
Wyoming,6/30/20,23.4
Alabama,7/7/20,28.6
Alaska,7/7/20,21.5
Arizona,7/7/20,31.3
Arkansas,7/7/20,30.2
California,7/7/20,27.6
Colorado,7/7/20,30
Connecticut,7/7/20,26.3
Delaware,7/7/20,22.7
District of Columbia,7/7/20,24.9
Florida,7/7/20,27.9
Georgia,7/7/20,27.1
Hawaii,7/7/20,28.9
Idaho,7/7/20,25.6
Illinois,7/7/20,27.6
Indiana,7/7/20,27.7
Iowa,7/7/20,17.5
Kansas,7/7/20,21.5
Kentucky,7/7/20,27.4
Louisiana,7/7/20,33.5
Maine,7/7/20,26.6
Maryland,7/7/20,22.5
Massachusetts,7/7/20,21.8
Michigan,7/7/20,26.6
Minnesota,7/7/20,20.9
Mississippi,7/7/20,32
Missouri,7/7/20,28.8
Montana,7/7/20,23.8
Nebraska,7/7/20,23.6
Nevada,7/7/20,34.6
New Hampshire,7/7/20,19.7
New Jersey,7/7/20,25.9
New Mexico,7/7/20,32.5
New York,7/7/20,28.5
North Carolina,7/7/20,28.3
North Dakota,7/7/20,23
Ohio,7/7/20,25.6
Oklahoma,7/7/20,29.4
Oregon,7/7/20,29.9
Pennsylvania,7/7/20,26
Rhode Island,7/7/20,22.8
South Carolina,7/7/20,29.3
South Dakota,7/7/20,26.7
Tennessee,7/7/20,31.7
Texas,7/7/20,30.5
Utah,7/7/20,25
Vermont,7/7/20,22.2
Virginia,7/7/20,29.5
Washington,7/7/20,27.8
West Virginia,7/7/20,24.2
Wisconsin,7/7/20,24.6
Wyoming,7/7/20,26.5
Alabama,7/14/20,30.4
Alaska,7/14/20,27.4
Arizona,7/14/20,33.9
Arkansas,7/14/20,34.8
California,7/14/20,31.8
Colorado,7/14/20,26.1
Connecticut,7/14/20,26.7
Delaware,7/14/20,23.3
District of Columbia,7/14/20,20.8
Florida,7/14/20,31.7
Georgia,7/14/20,29
Hawaii,7/14/20,28.3
Idaho,7/14/20,27.5
Illinois,7/14/20,23.7
Indiana,7/14/20,29.4
Iowa,7/14/20,17.7
Kansas,7/14/20,24.8
Kentucky,7/14/20,30.7
Louisiana,7/14/20,31.1
Maine,7/14/20,22.4
Maryland,7/14/20,22.2
Massachusetts,7/14/20,23.8
Michigan,7/14/20,23
Minnesota,7/14/20,22
Mississippi,7/14/20,36.1
Missouri,7/14/20,25.8
Montana,7/14/20,28.5
Nebraska,7/14/20,26.4
Nevada,7/14/20,33.3
New Hampshire,7/14/20,28.7
New Jersey,7/14/20,28.7
New Mexico,7/14/20,30.1
New York,7/14/20,25
North Carolina,7/14/20,26.4
North Dakota,7/14/20,25.2
Ohio,7/14/20,21.2
Oklahoma,7/14/20,30.8
Oregon,7/14/20,31.7
Pennsylvania,7/14/20,27.5
Rhode Island,7/14/20,31.1
South Carolina,7/14/20,25.3
South Dakota,7/14/20,24.1
Tennessee,7/14/20,31.4
Texas,7/14/20,32.2
Utah,7/14/20,24.2
Vermont,7/14/20,20.7
Virginia,7/14/20,24
Washington,7/14/20,27.2
West Virginia,7/14/20,29.4
Wisconsin,7/14/20,24.6
Wyoming,7/14/20,21.7
Alabama,7/21/20,32.7
Alaska,7/21/20,27.4
Arizona,7/21/20,34.3
Arkansas,7/21/20,33.7
California,7/21/20,31.2
Colorado,7/21/20,29.1
Connecticut,7/21/20,25.9
Delaware,7/21/20,26.5
District of Columbia,7/21/20,23.8
Florida,7/21/20,30.7
Georgia,7/21/20,29.7
Hawaii,7/21/20,29.3
Idaho,7/21/20,34.2
Illinois,7/21/20,29.5
Indiana,7/21/20,32
Iowa,7/21/20,25.3
Kansas,7/21/20,30.5
Kentucky,7/21/20,30.6
Louisiana,7/21/20,31.7
Maine,7/21/20,25.3
Maryland,7/21/20,29.5
Massachusetts,7/21/20,23.7
Michigan,7/21/20,28.6
Minnesota,7/21/20,24.2
Mississippi,7/21/20,36.5
Missouri,7/21/20,24.8
Montana,7/21/20,28.4
Nebraska,7/21/20,25.2
Nevada,7/21/20,38.6
New Hampshire,7/21/20,28.8
New Jersey,7/21/20,26.8
New Mexico,7/21/20,37.6
New York,7/21/20,29.3
North Carolina,7/21/20,30.5
North Dakota,7/21/20,26.8
Ohio,7/21/20,24.9
Oklahoma,7/21/20,33.5
Oregon,7/21/20,36.4
Pennsylvania,7/21/20,20.5
Rhode Island,7/21/20,25.9
South Carolina,7/21/20,32.3
South Dakota,7/21/20,27.6
Tennessee,7/21/20,33.7
Texas,7/21/20,32.4
Utah,7/21/20,28.5
Vermont,7/21/20,21.4
Virginia,7/21/20,27
Washington,7/21/20,32.2
West Virginia,7/21/20,28
Wisconsin,7/21/20,23.9
Wyoming,7/21/20,31.6
Alabama,8/31/20,27.7
Alaska,8/31/20,22.2
Arizona,8/31/20,26.4
Arkansas,8/31/20,23.9
California,8/31/20,25.9
Colorado,8/31/20,24.5
Connecticut,8/31/20,23.8
Delaware,8/31/20,20.1
District of Columbia,8/31/20,23.8
Florida,8/31/20,27.8
Georgia,8/31/20,26.8
Hawaii,8/31/20,22.8
Idaho,8/31/20,22.8
Illinois,8/31/20,23.5
Indiana,8/31/20,25.4
Iowa,8/31/20,20
Kansas,8/31/20,24.3
Kentucky,8/31/20,27.9
Louisiana,8/31/20,26.9
Maine,8/31/20,23.8
Maryland,8/31/20,21.3
Massachusetts,8/31/20,22.3
Michigan,8/31/20,24.1
Minnesota,8/31/20,18.3
Mississippi,8/31/20,23.6
Missouri,8/31/20,23.7
Montana,8/31/20,18.6
Nebraska,8/31/20,20.9
Nevada,8/31/20,26.9
New Hampshire,8/31/20,19.8
New Jersey,8/31/20,24.7
New Mexico,8/31/20,27.8
New York,8/31/20,22.5
North Carolina,8/31/20,20.5
North Dakota,8/31/20,17.8
Ohio,8/31/20,24.9
Oklahoma,8/31/20,25.9
Oregon,8/31/20,26.1
Pennsylvania,8/31/20,23.8
Rhode Island,8/31/20,19.2
South Carolina,8/31/20,20.4
South Dakota,8/31/20,15.2
Tennessee,8/31/20,28.3
Texas,8/31/20,25.7
Utah,8/31/20,22.7
Vermont,8/31/20,19.5
Virginia,8/31/20,25.1
Washington,8/31/20,23.6
West Virginia,8/31/20,25.2
Wisconsin,8/31/20,20.2
Wyoming,8/31/20,21.9
Alabama,9/14/20,25.2
Alaska,9/14/20,23.6
Arizona,9/14/20,26.5
Arkansas,9/14/20,29.8
California,9/14/20,27.6
Colorado,9/14/20,22.7
Connecticut,9/14/20,21.2
Delaware,9/14/20,23.3
District of Columbia,9/14/20,20.9
Florida,9/14/20,25.3
Georgia,9/14/20,23.2
Hawaii,9/14/20,29.4
Idaho,9/14/20,21.8
Illinois,9/14/20,24.2
Indiana,9/14/20,20.7
Iowa,9/14/20,22.8
Kansas,9/14/20,19.3
Kentucky,9/14/20,30.1
Louisiana,9/14/20,30.3
Maine,9/14/20,20.4
Maryland,9/14/20,23.3
Massachusetts,9/14/20,20.5
Michigan,9/14/20,23.4
Minnesota,9/14/20,18.6
Mississippi,9/14/20,28.4
Missouri,9/14/20,21.8
Montana,9/14/20,22.2
Nebraska,9/14/20,21.7
Nevada,9/14/20,27.1
New Hampshire,9/14/20,22.1
New Jersey,9/14/20,21.9
New Mexico,9/14/20,27.5
New York,9/14/20,25.1
North Carolina,9/14/20,20.9
North Dakota,9/14/20,17.4
Ohio,9/14/20,25.4
Oklahoma,9/14/20,26.5
Oregon,9/14/20,26.7
Pennsylvania,9/14/20,22.9
Rhode Island,9/14/20,25.3
South Carolina,9/14/20,22.9
South Dakota,9/14/20,20.2
Tennessee,9/14/20,24
Texas,9/14/20,26.9
Utah,9/14/20,22
Vermont,9/14/20,19.6
Virginia,9/14/20,22.4
Washington,9/14/20,22.7
West Virginia,9/14/20,26.9
Wisconsin,9/14/20,19.3
Wyoming,9/14/20,23.6
Alabama,9/28/20,28.6
Alaska,9/28/20,25.2
Arizona,9/28/20,28.2
Arkansas,9/28/20,23.1
California,9/28/20,28.7
Colorado,9/28/20,25.2
Connecticut,9/28/20,19
Delaware,9/28/20,18.3
District of Columbia,9/28/20,27.5
Florida,9/28/20,25.4
Georgia,9/28/20,25
Hawaii,9/28/20,24
Idaho,9/28/20,22.8
Illinois,9/28/20,23.9
Indiana,9/28/20,24.5
Iowa,9/28/20,25.5
Kansas,9/28/20,22.9
Kentucky,9/28/20,30.7
Louisiana,9/28/20,29.6
Maine,9/28/20,17.5
Maryland,9/28/20,20.3
Massachusetts,9/28/20,23.2
Michigan,9/28/20,21
Minnesota,9/28/20,17.4
Mississippi,9/28/20,28.5
Missouri,9/28/20,22.7
Montana,9/28/20,24.4
Nebraska,9/28/20,19.2
Nevada,9/28/20,31.3
New Hampshire,9/28/20,19
New Jersey,9/28/20,23.7
New Mexico,9/28/20,29.1
New York,9/28/20,23.5
North Carolina,9/28/20,21.5
North Dakota,9/28/20,19
Ohio,9/28/20,24.7
Oklahoma,9/28/20,23.1
Oregon,9/28/20,31.8
Pennsylvania,9/28/20,24.1
Rhode Island,9/28/20,23.4
South Carolina,9/28/20,20.6
South Dakota,9/28/20,17
Tennessee,9/28/20,25.9
Texas,9/28/20,28
Utah,9/28/20,26.8
Vermont,9/28/20,22.9
Virginia,9/28/20,24.6
Washington,9/28/20,25.7
West Virginia,9/28/20,28
Wisconsin,9/28/20,19.4
Wyoming,9/28/20,22.4
Alabama,10/12/20,25
Alaska,10/12/20,27.1
Arizona,10/12/20,25
Arkansas,10/12/20,30.2
California,10/12/20,29.4
Colorado,10/12/20,23.8
Connecticut,10/12/20,22.9
Delaware,10/12/20,24.6
District of Columbia,10/12/20,19.9
Florida,10/12/20,26
Georgia,10/12/20,23.9
Hawaii,10/12/20,30.1
Idaho,10/12/20,21
Illinois,10/12/20,24.1
Indiana,10/12/20,23.1
Iowa,10/12/20,19.6
Kansas,10/12/20,22.7
Kentucky,10/12/20,31.5
Louisiana,10/12/20,28.4
Maine,10/12/20,24.4
Maryland,10/12/20,24.4
Massachusetts,10/12/20,22.5
Michigan,10/12/20,25.6
Minnesota,10/12/20,19.9
Mississippi,10/12/20,25.1
Missouri,10/12/20,25.5
Montana,10/12/20,19.9
Nebraska,10/12/20,20.9
Nevada,10/12/20,29.2
New Hampshire,10/12/20,19.8
New Jersey,10/12/20,22.5
New Mexico,10/12/20,26.1
New York,10/12/20,23.3
North Carolina,10/12/20,25.7
North Dakota,10/12/20,16.6
Ohio,10/12/20,25.5
Oklahoma,10/12/20,27.2
Oregon,10/12/20,24.9
Pennsylvania,10/12/20,25.1
Rhode Island,10/12/20,22.4
South Carolina,10/12/20,20.3
South Dakota,10/12/20,19
Tennessee,10/12/20,24.5
Texas,10/12/20,29
Utah,10/12/20,23.5
Vermont,10/12/20,30.1
Virginia,10/12/20,23.1
Washington,10/12/20,25.2
West Virginia,10/12/20,27.5
Wisconsin,10/12/20,21.6
Wyoming,10/12/20,22.2
Alabama,10/26/20,27.7
Alaska,10/26/20,25.7
Arizona,10/26/20,30.8
Arkansas,10/26/20,27.3
California,10/26/20,27.7
Colorado,10/26/20,26.1
Connecticut,10/26/20,21.8
Delaware,10/26/20,23.3
District of Columbia,10/26/20,26.2
Florida,10/26/20,25.9
Georgia,10/26/20,25.1
Hawaii,10/26/20,27.5
Idaho,10/26/20,25.9
Illinois,10/26/20,24.2
Indiana,10/26/20,27.2
Iowa,10/26/20,22.4
Kansas,10/26/20,26.2
Kentucky,10/26/20,29.5
Louisiana,10/26/20,31.6
Maine,10/26/20,22.8
Maryland,10/26/20,23.8
Massachusetts,10/26/20,25.3
Michigan,10/26/20,25.8
Minnesota,10/26/20,19.3
Mississippi,10/26/20,33.4
Missouri,10/26/20,29.4
Montana,10/26/20,20.1
Nebraska,10/26/20,21.8
Nevada,10/26/20,31
New Hampshire,10/26/20,20.8
New Jersey,10/26/20,23.4
New Mexico,10/26/20,31.9
New York,10/26/20,27
North Carolina,10/26/20,21.4
North Dakota,10/26/20,20.2
Ohio,10/26/20,25
Oklahoma,10/26/20,25.9
Oregon,10/26/20,26.9
Pennsylvania,10/26/20,22.2
Rhode Island,10/26/20,24
South Carolina,10/26/20,25.1
South Dakota,10/26/20,19.7
Tennessee,10/26/20,23.9
Texas,10/26/20,29.4
Utah,10/26/20,22.4
Vermont,10/26/20,21.5
Virginia,10/26/20,23.8
Washington,10/26/20,28.4
West Virginia,10/26/20,25.2
Wisconsin,10/26/20,22.7
Wyoming,10/26/20,20.8
Alabama,11/9/20,33.8
Alaska,11/9/20,27.1
Arizona,11/9/20,27.2
Arkansas,11/9/20,28.3
California,11/9/20,29.7
Colorado,11/9/20,29.2
Connecticut,11/9/20,26.6
Delaware,11/9/20,28
District of Columbia,11/9/20,31.1
Florida,11/9/20,30.1
Georgia,11/9/20,30.9
Hawaii,11/9/20,30.1
Idaho,11/9/20,28.1
Illinois,11/9/20,28.5
Indiana,11/9/20,29.4
Iowa,11/9/20,29.4
Kansas,11/9/20,30.9
Kentucky,11/9/20,27.1
Louisiana,11/9/20,30.3
Maine,11/9/20,27.8
Maryland,11/9/20,24.7
Massachusetts,11/9/20,28.2
Michigan,11/9/20,22.2
Minnesota,11/9/20,23.8
Mississippi,11/9/20,28.8
Missouri,11/9/20,27.5
Montana,11/9/20,22.9
Nebraska,11/9/20,23.8
Nevada,11/9/20,34
New Hampshire,11/9/20,21.5
New Jersey,11/9/20,23.2
New Mexico,11/9/20,32.6
New York,11/9/20,22
North Carolina,11/9/20,27.6
North Dakota,11/9/20,17
Ohio,11/9/20,26.7
Oklahoma,11/9/20,27.1
Oregon,11/9/20,29
Pennsylvania,11/9/20,27.8
Rhode Island,11/9/20,25.6
South Carolina,11/9/20,28.2
South Dakota,11/9/20,20
Tennessee,11/9/20,25
Texas,11/9/20,31.2
Utah,11/9/20,24.3
Vermont,11/9/20,30
Virginia,11/9/20,24
Washington,11/9/20,24.4
West Virginia,11/9/20,25.7
Wisconsin,11/9/20,27
Wyoming,11/9/20,23.5
Alabama,11/23/20,31.5
Alaska,11/23/20,30
Arizona,11/23/20,28.7
Arkansas,11/23/20,32.7
California,11/23/20,30.7
Colorado,11/23/20,26
Connecticut,11/23/20,25.3
Delaware,11/23/20,24.3
District of Columbia,11/23/20,27.8
Florida,11/23/20,30.5
Georgia,11/23/20,29.2
Hawaii,11/23/20,22.6
Idaho,11/23/20,27.2
Illinois,11/23/20,30.4
Indiana,11/23/20,27
Iowa,11/23/20,25.5
Kansas,11/23/20,26.5
Kentucky,11/23/20,26.5
Louisiana,11/23/20,35.5
Maine,11/23/20,25.8
Maryland,11/23/20,26.7
Massachusetts,11/23/20,27.5
Michigan,11/23/20,26.8
Minnesota,11/23/20,24.5
Mississippi,11/23/20,30.1
Missouri,11/23/20,26.6
Montana,11/23/20,30.1
Nebraska,11/23/20,26.5
Nevada,11/23/20,32.5
New Hampshire,11/23/20,24.2
New Jersey,11/23/20,26.2
New Mexico,11/23/20,32.6
New York,11/23/20,25.1
North Carolina,11/23/20,26.9
North Dakota,11/23/20,26.1
Ohio,11/23/20,28.7
Oklahoma,11/23/20,31.6
Oregon,11/23/20,28.7
Pennsylvania,11/23/20,27.9
Rhode Island,11/23/20,29.9
South Carolina,11/23/20,32.6
South Dakota,11/23/20,27.4
Tennessee,11/23/20,29.4
Texas,11/23/20,31.4
Utah,11/23/20,28.7
Vermont,11/23/20,21.6
Virginia,11/23/20,23.3
Washington,11/23/20,27.7
West Virginia,11/23/20,29.6
Wisconsin,11/23/20,26.5
Wyoming,11/23/20,26.8
Alabama,12/7/20,30.5
Alaska,12/7/20,26.7
Arizona,12/7/20,28.5
Arkansas,12/7/20,28.5
California,12/7/20,30.2
Colorado,12/7/20,28.4
Connecticut,12/7/20,28.2
Delaware,12/7/20,33
District of Columbia,12/7/20,27.3
Florida,12/7/20,27.9
Georgia,12/7/20,28.2
Hawaii,12/7/20,31.2
Idaho,12/7/20,30.6
Illinois,12/7/20,30
Indiana,12/7/20,30.8
Iowa,12/7/20,24.3
Kansas,12/7/20,27.6
Kentucky,12/7/20,33.9
Louisiana,12/7/20,35.5
Maine,12/7/20,24.8
Maryland,12/7/20,27
Massachusetts,12/7/20,23.7
Michigan,12/7/20,26.5
Minnesota,12/7/20,25
Mississippi,12/7/20,36.9
Missouri,12/7/20,27.4
Montana,12/7/20,26.3
Nebraska,12/7/20,26
Nevada,12/7/20,35.7
New Hampshire,12/7/20,26.1
New Jersey,12/7/20,27.7
New Mexico,12/7/20,30.2
New York,12/7/20,23.3
North Carolina,12/7/20,28.4
North Dakota,12/7/20,21.1
Ohio,12/7/20,32.7
Oklahoma,12/7/20,33.8
Oregon,12/7/20,35.9
Pennsylvania,12/7/20,29.4
Rhode Island,12/7/20,27.2
South Carolina,12/7/20,22.9
South Dakota,12/7/20,20.2
Tennessee,12/7/20,28
Texas,12/7/20,31.3
Utah,12/7/20,32.4
Vermont,12/7/20,28.8
Virginia,12/7/20,26.9
Washington,12/7/20,29.4
West Virginia,12/7/20,31.6
Wisconsin,12/7/20,26.3
Wyoming,12/7/20,31.3
Alabama,12/21/20,35.1
Alaska,12/21/20,32
Arizona,12/21/20,32.7
Arkansas,12/21/20,28.3
California,12/21/20,31.4
Colorado,12/21/20,30.3
Connecticut,12/21/20,29
Delaware,12/21/20,30.4
District of Columbia,12/21/20,22.6
Florida,12/21/20,28.1
Georgia,12/21/20,31.2
Hawaii,12/21/20,25.5
Idaho,12/21/20,31.1
Illinois,12/21/20,25.5
Indiana,12/21/20,27.8
Iowa,12/21/20,29.9
Kansas,12/21/20,30.6
Kentucky,12/21/20,33.4
Louisiana,12/21/20,39.4
Maine,12/21/20,23.7
Maryland,12/21/20,28
Massachusetts,12/21/20,29.6
Michigan,12/21/20,33.1
Minnesota,12/21/20,25.2
Mississippi,12/21/20,36.5
Missouri,12/21/20,29
Montana,12/21/20,29.5
Nebraska,12/21/20,26.5
Nevada,12/21/20,35.3
New Hampshire,12/21/20,23.8
New Jersey,12/21/20,28.7
New Mexico,12/21/20,35.6
New York,12/21/20,30.2
North Carolina,12/21/20,24.1
North Dakota,12/21/20,21.6
Ohio,12/21/20,35.7
Oklahoma,12/21/20,35.7
Oregon,12/21/20,33.4
Pennsylvania,12/21/20,27.3
Rhode Island,12/21/20,22.4
South Carolina,12/21/20,27
South Dakota,12/21/20,21.1
Tennessee,12/21/20,32.3
Texas,12/21/20,31.8
Utah,12/21/20,29
Vermont,12/21/20,25.7
Virginia,12/21/20,28.1
Washington,12/21/20,31.2
West Virginia,12/21/20,37
Wisconsin,12/21/20,30
Wyoming,12/21/20,24.7
Alabama,1/18/21,29.3
Alaska,1/18/21,28.4
Arizona,1/18/21,26.9
Arkansas,1/18/21,28.8
California,1/18/21,31.3
Colorado,1/18/21,29.1
Connecticut,1/18/21,24.3
Delaware,1/18/21,25.8
District of Columbia,1/18/21,23
Florida,1/18/21,26
Georgia,1/18/21,28.8
Hawaii,1/18/21,28.2
Idaho,1/18/21,27.5
Illinois,1/18/21,26.5
Indiana,1/18/21,26.4
Iowa,1/18/21,28
Kansas,1/18/21,25.5
Kentucky,1/18/21,29.6
Louisiana,1/18/21,30.4
Maine,1/18/21,22.2
Maryland,1/18/21,27.4
Massachusetts,1/18/21,24.2
Michigan,1/18/21,30.2
Minnesota,1/18/21,21.5
Mississippi,1/18/21,37.5
Missouri,1/18/21,31.9
Montana,1/18/21,23.7
Nebraska,1/18/21,26.1
Nevada,1/18/21,30.8
New Hampshire,1/18/21,25.4
New Jersey,1/18/21,27.3
New Mexico,1/18/21,27.4
New York,1/18/21,25
North Carolina,1/18/21,31.1
North Dakota,1/18/21,26.7
Ohio,1/18/21,31.1
Oklahoma,1/18/21,29.7
Oregon,1/18/21,30.1
Pennsylvania,1/18/21,30.4
Rhode Island,1/18/21,34.9
South Carolina,1/18/21,29.2
South Dakota,1/18/21,26.2
Tennessee,1/18/21,29.4
Texas,1/18/21,27.6
Utah,1/18/21,29.5
Vermont,1/18/21,22
Virginia,1/18/21,28.6
Washington,1/18/21,30.1
West Virginia,1/18/21,38.5
Wisconsin,1/18/21,21.3
Wyoming,1/18/21,26.2
Alabama,2/1/21,32.1
Alaska,2/1/21,30.8
Arizona,2/1/21,29.8
Arkansas,2/1/21,28.5
California,2/1/21,30.7
Colorado,2/1/21,26.5
Connecticut,2/1/21,25.2
Delaware,2/1/21,22.5
District of Columbia,2/1/21,21.5
Florida,2/1/21,26.3
Georgia,2/1/21,31.1
Hawaii,2/1/21,26.3
Idaho,2/1/21,28.1
Illinois,2/1/21,27.1
Indiana,2/1/21,28
Iowa,2/1/21,25.6
Kansas,2/1/21,24.6
Kentucky,2/1/21,30.5
Louisiana,2/1/21,34
Maine,2/1/21,24.2
Maryland,2/1/21,27.1
Massachusetts,2/1/21,27
Michigan,2/1/21,30.1
Minnesota,2/1/21,24.7
Mississippi,2/1/21,27
Missouri,2/1/21,26.9
Montana,2/1/21,24.9
Nebraska,2/1/21,21.3
Nevada,2/1/21,30.9
New Hampshire,2/1/21,25.2
New Jersey,2/1/21,29.1
New Mexico,2/1/21,30.3
New York,2/1/21,25.1
North Carolina,2/1/21,30.2
North Dakota,2/1/21,18.5
Ohio,2/1/21,29.6
Oklahoma,2/1/21,32.1
Oregon,2/1/21,28.5
Pennsylvania,2/1/21,25.4
Rhode Island,2/1/21,30.3
South Carolina,2/1/21,24.4
South Dakota,2/1/21,15.3
Tennessee,2/1/21,32
Texas,2/1/21,31
Utah,2/1/21,28.2
Vermont,2/1/21,21.2
Virginia,2/1/21,24.6
Washington,2/1/21,33.2
West Virginia,2/1/21,31.6
Wisconsin,2/1/21,25.8
Wyoming,2/1/21,28.4
Alabama,2/15/21,29.8
Alaska,2/15/21,31.5
Arizona,2/15/21,30.4
Arkansas,2/15/21,33.4
California,2/15/21,30.3
Colorado,2/15/21,23.6
Connecticut,2/15/21,27.1
Delaware,2/15/21,24.8
District of Columbia,2/15/21,24.5
Florida,2/15/21,28.1
Georgia,2/15/21,28.5
Hawaii,2/15/21,23.4
Idaho,2/15/21,26.6
Illinois,2/15/21,27.9
Indiana,2/15/21,25.7
Iowa,2/15/21,25
Kansas,2/15/21,24.8
Kentucky,2/15/21,28.7
Louisiana,2/15/21,31.3
Maine,2/15/21,23
Maryland,2/15/21,26.6
Massachusetts,2/15/21,26.5
Michigan,2/15/21,27.3
Minnesota,2/15/21,21.9
Mississippi,2/15/21,32.7
Missouri,2/15/21,29.3
Montana,2/15/21,23.4
Nebraska,2/15/21,26
Nevada,2/15/21,30.4
New Hampshire,2/15/21,19.6
New Jersey,2/15/21,24.3
New Mexico,2/15/21,32.4
New York,2/15/21,31.1
North Carolina,2/15/21,27.5
North Dakota,2/15/21,20.2
Ohio,2/15/21,25.7
Oklahoma,2/15/21,27.2
Oregon,2/15/21,31
Pennsylvania,2/15/21,26.5
Rhode Island,2/15/21,27.3
South Carolina,2/15/21,29.7
South Dakota,2/15/21,21.9
Tennessee,2/15/21,30.7
Texas,2/15/21,28.2
Utah,2/15/21,28.7
Vermont,2/15/21,27.2
Virginia,2/15/21,27.5
Washington,2/15/21,28.7
West Virginia,2/15/21,30.7
Wisconsin,2/15/21,25.8
Wyoming,2/15/21,20
Alabama,3/1/21,27.6
Alaska,3/1/21,22
Arizona,3/1/21,28.7
Arkansas,3/1/21,28.2
California,3/1/21,29.5
Colorado,3/1/21,28.1
Connecticut,3/1/21,28.1
Delaware,3/1/21,21.6
District of Columbia,3/1/21,21.3
Florida,3/1/21,27.8
Georgia,3/1/21,28.3
Hawaii,3/1/21,22.3
Idaho,3/1/21,24.1
Illinois,3/1/21,27.4
Indiana,3/1/21,26.9
Iowa,3/1/21,25.3
Kansas,3/1/21,22.9
Kentucky,3/1/21,34
Louisiana,3/1/21,31.9
Maine,3/1/21,25.9
Maryland,3/1/21,25
Massachusetts,3/1/21,29.3
Michigan,3/1/21,26.9
Minnesota,3/1/21,18.3
Mississippi,3/1/21,32.9
Missouri,3/1/21,27.2
Montana,3/1/21,23.5
Nebraska,3/1/21,18.8
Nevada,3/1/21,36.1
New Hampshire,3/1/21,23.5
New Jersey,3/1/21,26.5
New Mexico,3/1/21,32
New York,3/1/21,28.2
North Carolina,3/1/21,30.3
North Dakota,3/1/21,20.3
Ohio,3/1/21,29.1
Oklahoma,3/1/21,29.5
Oregon,3/1/21,29.7
Pennsylvania,3/1/21,27.4
Rhode Island,3/1/21,26.5
South Carolina,3/1/21,29.6
South Dakota,3/1/21,20.2
Tennessee,3/1/21,31.2
Texas,3/1/21,27.6
Utah,3/1/21,25.4
Vermont,3/1/21,25.7
Virginia,3/1/21,25.3
Washington,3/1/21,27.8
West Virginia,3/1/21,29
Wisconsin,3/1/21,20.7
Wyoming,3/1/21,28.3
Alabama,3/15/21,29
Alaska,3/15/21,24.5
Arizona,3/15/21,29.3
Arkansas,3/15/21,35
California,3/15/21,28.5
Colorado,3/15/21,27
Connecticut,3/15/21,21.6
Delaware,3/15/21,20.8
District of Columbia,3/15/21,25.9
Florida,3/15/21,28.1
Georgia,3/15/21,24.6
Hawaii,3/15/21,22.3
Idaho,3/15/21,21.6
Illinois,3/15/21,27.5
Indiana,3/15/21,24.9
Iowa,3/15/21,24.5
Kansas,3/15/21,27.2
Kentucky,3/15/21,30.5
Louisiana,3/15/21,31.9
Maine,3/15/21,28.3
Maryland,3/15/21,24.3
Massachusetts,3/15/21,24.1
Michigan,3/15/21,24.7
Minnesota,3/15/21,23.1
Mississippi,3/15/21,32.1
Missouri,3/15/21,26.2
Montana,3/15/21,21.5
Nebraska,3/15/21,22.9
Nevada,3/15/21,25.4
New Hampshire,3/15/21,21.7
New Jersey,3/15/21,24.9
New Mexico,3/15/21,27.6
New York,3/15/21,24.7
North Carolina,3/15/21,22.2
North Dakota,3/15/21,20
Ohio,3/15/21,30.6
Oklahoma,3/15/21,27.7
Oregon,3/15/21,31.3
Pennsylvania,3/15/21,28.9
Rhode Island,3/15/21,24.1
South Carolina,3/15/21,21.1
South Dakota,3/15/21,15.9
Tennessee,3/15/21,24.6
Texas,3/15/21,25.1
Utah,3/15/21,24
Vermont,3/15/21,20.1
Virginia,3/15/21,25.1
Washington,3/15/21,26.6
West Virginia,3/15/21,31.1
Wisconsin,3/15/21,22.2
Wyoming,3/15/21,26.4
Alabama,3/29/21,24.8
Alaska,3/29/21,26.8
Arizona,3/29/21,25.8
Arkansas,3/29/21,28.4
California,3/29/21,27.3
Colorado,3/29/21,22.5
Connecticut,3/29/21,20.9
Delaware,3/29/21,17.2
District of Columbia,3/29/21,25.2
Florida,3/29/21,24.5
Georgia,3/29/21,25.1
Hawaii,3/29/21,21.1
Idaho,3/29/21,23.1
Illinois,3/29/21,25.5
Indiana,3/29/21,24.6
Iowa,3/29/21,21.9
Kansas,3/29/21,23.3
Kentucky,3/29/21,23.4
Louisiana,3/29/21,30
Maine,3/29/21,23.8
Maryland,3/29/21,22.4
Massachusetts,3/29/21,21.1
Michigan,3/29/21,25
Minnesota,3/29/21,18.2
Mississippi,3/29/21,33.2
Missouri,3/29/21,24.5
Montana,3/29/21,22.6
Nebraska,3/29/21,21.7
Nevada,3/29/21,29.1
New Hampshire,3/29/21,23.3
New Jersey,3/29/21,24.9
New Mexico,3/29/21,26.1
New York,3/29/21,25.4
North Carolina,3/29/21,22.8
North Dakota,3/29/21,18.3
Ohio,3/29/21,23.2
Oklahoma,3/29/21,29.3
Oregon,3/29/21,23.5
Pennsylvania,3/29/21,21.5
Rhode Island,3/29/21,20.8
South Carolina,3/29/21,24.9
South Dakota,3/29/21,17.5
Tennessee,3/29/21,26.8
Texas,3/29/21,25.9
Utah,3/29/21,23.1
Vermont,3/29/21,23
Virginia,3/29/21,22.3
Washington,3/29/21,23.3
West Virginia,3/29/21,30.6
Wisconsin,3/29/21,23.3
Wyoming,3/29/21,24.2
Alabama,4/26/21,24.3
Alaska,4/26/21,23.4
Arizona,4/26/21,25.6
Arkansas,4/26/21,26.3
California,4/26/21,27.2
Colorado,4/26/21,22.7
Connecticut,4/26/21,19.6
Delaware,4/26/21,17.6
District of Columbia,4/26/21,25.6
Florida,4/26/21,25.8
Georgia,4/26/21,26.5
Hawaii,4/26/21,18.9
Idaho,4/26/21,22.3
Illinois,4/26/21,18.3
Indiana,4/26/21,22.6
Iowa,4/26/21,23
Kansas,4/26/21,20.6
Kentucky,4/26/21,28.2
Louisiana,4/26/21,26.7
Maine,4/26/21,13.4
Maryland,4/26/21,21.2
Massachusetts,4/26/21,20
Michigan,4/26/21,22.9
Minnesota,4/26/21,17.5
Mississippi,4/26/21,22.3
Missouri,4/26/21,21.1
Montana,4/26/21,26.4
Nebraska,4/26/21,20.2
Nevada,4/26/21,22.6
New Hampshire,4/26/21,17.7
New Jersey,4/26/21,22.3
New Mexico,4/26/21,22.7
New York,4/26/21,23.3
North Carolina,4/26/21,22.4
North Dakota,4/26/21,23.1
Ohio,4/26/21,19.9
Oklahoma,4/26/21,19.5
Oregon,4/26/21,21.2
Pennsylvania,4/26/21,20.9
Rhode Island,4/26/21,17.1
South Carolina,4/26/21,21.8
South Dakota,4/26/21,16.4
Tennessee,4/26/21,22.4
Texas,4/26/21,25.5
Utah,4/26/21,17.8
Vermont,4/26/21,23.7
Virginia,4/26/21,18.7
Washington,4/26/21,21.9
West Virginia,4/26/21,29.1
Wisconsin,4/26/21,14.9
Wyoming,4/26/21,15.7
Alabama,5/10/21,27.3
Alaska,5/10/21,24.4
Arizona,5/10/21,20.4
Arkansas,5/10/21,27.2
California,5/10/21,23.1
Colorado,5/10/21,21.3
Connecticut,5/10/21,18.2
Delaware,5/10/21,23.1
District of Columbia,5/10/21,21
Florida,5/10/21,25.7
Georgia,5/10/21,23
Hawaii,5/10/21,15.9
Idaho,5/10/21,17.7
Illinois,5/10/21,21.2
Indiana,5/10/21,20.4
Iowa,5/10/21,19.5
Kansas,5/10/21,21.7
Kentucky,5/10/21,25.3
Louisiana,5/10/21,26
Maine,5/10/21,18.9
Maryland,5/10/21,18.4
Massachusetts,5/10/21,19.1
Michigan,5/10/21,20.7
Minnesota,5/10/21,14.9
Mississippi,5/10/21,16.1
Missouri,5/10/21,20.8
Montana,5/10/21,17.8
Nebraska,5/10/21,20.3
Nevada,5/10/21,21.3
New Hampshire,5/10/21,14.6
New Jersey,5/10/21,20.6
New Mexico,5/10/21,20.4
New York,5/10/21,21.2
North Carolina,5/10/21,23.4
North Dakota,5/10/21,16.7
Ohio,5/10/21,23.9
Oklahoma,5/10/21,23.3
Oregon,5/10/21,23.9
Pennsylvania,5/10/21,19.5
Rhode Island,5/10/21,14.9
South Carolina,5/10/21,20.7
South Dakota,5/10/21,19.8
Tennessee,5/10/21,22.3
Texas,5/10/21,23.9
Utah,5/10/21,21
Vermont,5/10/21,20.5
Virginia,5/10/21,19.4
Washington,5/10/21,22.7
West Virginia,5/10/21,24.8
Wisconsin,5/10/21,19.7
Wyoming,5/10/21,16.4
Alabama,5/24/21,22.7
Alaska,5/24/21,20.5
Arizona,5/24/21,19.3
Arkansas,5/24/21,22.1
California,5/24/21,24.7
Colorado,5/24/21,22.8
Connecticut,5/24/21,22.4
Delaware,5/24/21,19.2
District of Columbia,5/24/21,23.8
Florida,5/24/21,21.5
Georgia,5/24/21,20.9
Hawaii,5/24/21,19.7
Idaho,5/24/21,18.9
Illinois,5/24/21,21
Indiana,5/24/21,21.5
Iowa,5/24/21,19.2
Kansas,5/24/21,16.1
Kentucky,5/24/21,20.9
Louisiana,5/24/21,27.6
Maine,5/24/21,15.7
Maryland,5/24/21,18
Massachusetts,5/24/21,19.3
Michigan,5/24/21,16.9
Minnesota,5/24/21,17
Mississippi,5/24/21,23
Missouri,5/24/21,16.3
Montana,5/24/21,17.1
Nebraska,5/24/21,19.1
Nevada,5/24/21,19.4
New Hampshire,5/24/21,20.5
New Jersey,5/24/21,20.4
New Mexico,5/24/21,22.7
New York,5/24/21,23.7
North Carolina,5/24/21,17.9
North Dakota,5/24/21,16.6
Ohio,5/24/21,23.9
Oklahoma,5/24/21,23.3
Oregon,5/24/21,24.2
Pennsylvania,5/24/21,22.3
Rhode Island,5/24/21,17.3
South Carolina,5/24/21,16.9
South Dakota,5/24/21,16.3
Tennessee,5/24/21,25.1
Texas,5/24/21,22.8
Utah,5/24/21,20.6
Vermont,5/24/21,19
Virginia,5/24/21,22.7
Washington,5/24/21,20.2
West Virginia,5/24/21,24
Wisconsin,5/24/21,20.9
Wyoming,5/24/21,21.5
Alabama,6/7/21,21.5
Alaska,6/7/21,17.1
Arizona,6/7/21,21.9
Arkansas,6/7/21,24.1
California,6/7/21,23
Colorado,6/7/21,19.6
Connecticut,6/7/21,16.2
Delaware,6/7/21,21.1
District of Columbia,6/7/21,20.3
Florida,6/7/21,16.9
Georgia,6/7/21,21.8
Hawaii,6/7/21,19.7
Idaho,6/7/21,17.3
Illinois,6/7/21,21.2
Indiana,6/7/21,21
Iowa,6/7/21,19.8
Kansas,6/7/21,18.9
Kentucky,6/7/21,19.5
Louisiana,6/7/21,24.5
Maine,6/7/21,18.3
Maryland,6/7/21,16.5
Massachusetts,6/7/21,18.3
Michigan,6/7/21,17.5
Minnesota,6/7/21,19.5
Mississippi,6/7/21,23.8
Missouri,6/7/21,24.3
Montana,6/7/21,13.6
Nebraska,6/7/21,15.3
Nevada,6/7/21,28.2
New Hampshire,6/7/21,26.3
New Jersey,6/7/21,21.8
New Mexico,6/7/21,23.7
New York,6/7/21,19.9
North Carolina,6/7/21,24.6
North Dakota,6/7/21,18.7
Ohio,6/7/21,20.2
Oklahoma,6/7/21,22.2
Oregon,6/7/21,23
Pennsylvania,6/7/21,20
Rhode Island,6/7/21,17.2
South Carolina,6/7/21,21.7
South Dakota,6/7/21,20.8
Tennessee,6/7/21,19.7
Texas,6/7/21,23.7
Utah,6/7/21,19.1
Vermont,6/7/21,17.8
Virginia,6/7/21,21.3
Washington,6/7/21,22.5
West Virginia,6/7/21,22.3
Wisconsin,6/7/21,13.4
Wyoming,6/7/21,15.9
Alabama,6/21/21,24.5
Alaska,6/21/21,20.3
Arizona,6/21/21,23.3
Arkansas,6/21/21,20.8
California,6/21/21,21.7
Colorado,6/21/21,20.7
Connecticut,6/21/21,19.8
Delaware,6/21/21,20.6
District of Columbia,6/21/21,18.7
Florida,6/21/21,25.7
Georgia,6/21/21,26.5
Hawaii,6/21/21,18.2
Idaho,6/21/21,21.3
Illinois,6/21/21,22.3
Indiana,6/21/21,20.5
Iowa,6/21/21,22.9
Kansas,6/21/21,19.7
Kentucky,6/21/21,22
Louisiana,6/21/21,23.8
Maine,6/21/21,20.1
Maryland,6/21/21,22.6
Massachusetts,6/21/21,16.5
Michigan,6/21/21,18.2
Minnesota,6/21/21,15.8
Mississippi,6/21/21,31.5
Missouri,6/21/21,20.9
Montana,6/21/21,16.2
Nebraska,6/21/21,18.6
Nevada,6/21/21,25.2
New Hampshire,6/21/21,13.2
New Jersey,6/21/21,20.3
New Mexico,6/21/21,27.5
New York,6/21/21,20
North Carolina,6/21/21,18.7
North Dakota,6/21/21,19.3
Ohio,6/21/21,20.6
Oklahoma,6/21/21,27.3
Oregon,6/21/21,20.8
Pennsylvania,6/21/21,19.7
Rhode Island,6/21/21,19.9
South Carolina,6/21/21,21.8
South Dakota,6/21/21,15.6
Tennessee,6/21/21,21.6
Texas,6/21/21,23.7
Utah,6/21/21,20.7
Vermont,6/21/21,16.5
Virginia,6/21/21,20.6
Washington,6/21/21,21.3
West Virginia,6/21/21,21.3
Wisconsin,6/21/21,15.1
Wyoming,6/21/21,20.9
Alabama,7/5/21,25.3
Alaska,7/5/21,17.9
Arizona,7/5/21,27.2
Arkansas,7/5/21,17.4
California,7/5/21,22.6
Colorado,7/5/21,18.6
Connecticut,7/5/21,18.1
Delaware,7/5/21,17.4
District of Columbia,7/5/21,20.3
Florida,7/5/21,19.1
Georgia,7/5/21,23.3
Hawaii,7/5/21,28.2
Idaho,7/5/21,20.7
Illinois,7/5/21,16
Indiana,7/5/21,21.1
Iowa,7/5/21,15.4
Kansas,7/5/21,16.9
Kentucky,7/5/21,26.2
Louisiana,7/5/21,21.9
Maine,7/5/21,15.1
Maryland,7/5/21,21.3
Massachusetts,7/5/21,18.8
Michigan,7/5/21,22.1
Minnesota,7/5/21,15.6
Mississippi,7/5/21,24.4
Missouri,7/5/21,21.1
Montana,7/5/21,16.1
Nebraska,7/5/21,17.7
Nevada,7/5/21,26.2
New Hampshire,7/5/21,19.3
New Jersey,7/5/21,14.4
New Mexico,7/5/21,29.6
New York,7/5/21,18.6
North Carolina,7/5/21,22.7
North Dakota,7/5/21,16.9
Ohio,7/5/21,22.1
Oklahoma,7/5/21,26.8
Oregon,7/5/21,25.3
Pennsylvania,7/5/21,19.1
Rhode Island,7/5/21,19.7
South Carolina,7/5/21,25.3
South Dakota,7/5/21,21.4
Tennessee,7/5/21,23.1
Texas,7/5/21,22.4
Utah,7/5/21,18.8
Vermont,7/5/21,11.5
Virginia,7/5/21,17.1
Washington,7/5/21,18.8
West Virginia,7/5/21,24.8
Wisconsin,7/5/21,17.2
Wyoming,7/5/21,21.3
Alabama,8/2/21,25.3
Alaska,8/2/21,25.2
Arizona,8/2/21,22.4
Arkansas,8/2/21,24.5
California,8/2/21,24.2
Colorado,8/2/21,19.9
Connecticut,8/2/21,18.7
Delaware,8/2/21,26.1
District of Columbia,8/2/21,23
Florida,8/2/21,22.2
Georgia,8/2/21,27.3
Hawaii,8/2/21,17.9
Idaho,8/2/21,19.4
Illinois,8/2/21,20.5
Indiana,8/2/21,23.2
Iowa,8/2/21,19.7
Kansas,8/2/21,19.1
Kentucky,8/2/21,24.1
Louisiana,8/2/21,31.3
Maine,8/2/21,17.2
Maryland,8/2/21,18.3
Massachusetts,8/2/21,19.4
Michigan,8/2/21,20.6
Minnesota,8/2/21,17.5
Mississippi,8/2/21,28.6
Missouri,8/2/21,22.3
Montana,8/2/21,16.8
Nebraska,8/2/21,17
Nevada,8/2/21,29.3
New Hampshire,8/2/21,16.8
New Jersey,8/2/21,17.7
New Mexico,8/2/21,23.5
New York,8/2/21,16.3
North Carolina,8/2/21,18.7
North Dakota,8/2/21,16.1
Ohio,8/2/21,23.2
Oklahoma,8/2/21,28.2
Oregon,8/2/21,21.7
Pennsylvania,8/2/21,20.2
Rhode Island,8/2/21,23.5
South Carolina,8/2/21,20.7
South Dakota,8/2/21,17.5
Tennessee,8/2/21,20.5
Texas,8/2/21,26.6
Utah,8/2/21,24
Vermont,8/2/21,22.5
Virginia,8/2/21,20.3
Washington,8/2/21,25.5
West Virginia,8/2/21,25.4
Wisconsin,8/2/21,19.3
Wyoming,8/2/21,21.7
Alabama,8/16/21,21.1
Alaska,8/16/21,20.2
Arizona,8/16/21,24.9
Arkansas,8/16/21,24.9
California,8/16/21,21.3
Colorado,8/16/21,21.1
Connecticut,8/16/21,16
Delaware,8/16/21,19
District of Columbia,8/16/21,23.2
Florida,8/16/21,21.7
Georgia,8/16/21,24.9
Hawaii,8/16/21,23.6
Idaho,8/16/21,21.4
Illinois,8/16/21,20
Indiana,8/16/21,18.5
Iowa,8/16/21,17.4
Kansas,8/16/21,18.5
Kentucky,8/16/21,23.9
Louisiana,8/16/21,30.4
Maine,8/16/21,19
Maryland,8/16/21,20.2
Massachusetts,8/16/21,20.8
Michigan,8/16/21,20.9
Minnesota,8/16/21,17.7
Mississippi,8/16/21,20.9
Missouri,8/16/21,25
Montana,8/16/21,23
Nebraska,8/16/21,21.2
Nevada,8/16/21,25.2
New Hampshire,8/16/21,20.8
New Jersey,8/16/21,17.8
New Mexico,8/16/21,23.8
New York,8/16/21,17.7
North Carolina,8/16/21,18.4
North Dakota,8/16/21,13.1
Ohio,8/16/21,21
Oklahoma,8/16/21,31.2
Oregon,8/16/21,20.3
Pennsylvania,8/16/21,23.9
Rhode Island,8/16/21,21.5
South Carolina,8/16/21,21.5
South Dakota,8/16/21,14.4
Tennessee,8/16/21,22.9
Texas,8/16/21,22.6
Utah,8/16/21,21.4
Vermont,8/16/21,17.8
Virginia,8/16/21,20.1
Washington,8/16/21,21.4
West Virginia,8/16/21,23.1
Wisconsin,8/16/21,18.8
Wyoming,8/16/21,18.8
Alabama,8/30/21,28.4
Alaska,8/30/21,25
Arizona,8/30/21,25.5
Arkansas,8/30/21,25.1
California,8/30/21,22.9
Colorado,8/30/21,19.5
Connecticut,8/30/21,19.2
Delaware,8/30/21,18.9
District of Columbia,8/30/21,21.2
Florida,8/30/21,23.9
Georgia,8/30/21,23.5
Hawaii,8/30/21,22.5
Idaho,8/30/21,17.8
Illinois,8/30/21,20.3
Indiana,8/30/21,21.3
Iowa,8/30/21,20.1
Kansas,8/30/21,19.4
Kentucky,8/30/21,23.1
Louisiana,8/30/21,27.6
Maine,8/30/21,20
Maryland,8/30/21,21.4
Massachusetts,8/30/21,20.9
Michigan,8/30/21,21.1
Minnesota,8/30/21,20.4
Mississippi,8/30/21,24.1
Missouri,8/30/21,22.5
Montana,8/30/21,17.6
Nebraska,8/30/21,19.2
Nevada,8/30/21,27.2
New Hampshire,8/30/21,17.2
New Jersey,8/30/21,17.9
New Mexico,8/30/21,20.7
New York,8/30/21,19.1
North Carolina,8/30/21,26.2
North Dakota,8/30/21,25.3
Ohio,8/30/21,27.4
Oklahoma,8/30/21,26.2
Oregon,8/30/21,24.2
Pennsylvania,8/30/21,25.1
Rhode Island,8/30/21,19.5
South Carolina,8/30/21,26.2
South Dakota,8/30/21,18.3
Tennessee,8/30/21,28.3
Texas,8/30/21,22.5
Utah,8/30/21,24.2
Vermont,8/30/21,16.8
Virginia,8/30/21,16.8
Washington,8/30/21,23.7
West Virginia,8/30/21,24.4
Wisconsin,8/30/21,15.6
Wyoming,8/30/21,23.6
Alabama,9/13/21,24.4
Alaska,9/13/21,23.9
Arizona,9/13/21,20.4
Arkansas,9/13/21,23.6
California,9/13/21,23.9
Colorado,9/13/21,19.5
Connecticut,9/13/21,18.7
Delaware,9/13/21,20.2
District of Columbia,9/13/21,23.6
Florida,9/13/21,24.6
Georgia,9/13/21,19.6
Hawaii,9/13/21,21.2
Idaho,9/13/21,20.1
Illinois,9/13/21,21
Indiana,9/13/21,21.8
Iowa,9/13/21,20.2
Kansas,9/13/21,23.3
Kentucky,9/13/21,25.4
Louisiana,9/13/21,31.2
Maine,9/13/21,15.5
Maryland,9/13/21,22.6
Massachusetts,9/13/21,19.7
Michigan,9/13/21,20.7
Minnesota,9/13/21,16.6
Mississippi,9/13/21,20.4
Missouri,9/13/21,24.2
Montana,9/13/21,16.6
Nebraska,9/13/21,18.1
Nevada,9/13/21,24.9
New Hampshire,9/13/21,18.3
New Jersey,9/13/21,18.2
New Mexico,9/13/21,20.3
New York,9/13/21,23
North Carolina,9/13/21,19
North Dakota,9/13/21,21.3
Ohio,9/13/21,22.2
Oklahoma,9/13/21,25.7
Oregon,9/13/21,25
Pennsylvania,9/13/21,18.6
Rhode Island,9/13/21,21.7
South Carolina,9/13/21,19.4
South Dakota,9/13/21,10.6
Tennessee,9/13/21,28.4
Texas,9/13/21,27.3
Utah,9/13/21,21
Vermont,9/13/21,27.1
Virginia,9/13/21,20.7
Washington,9/13/21,24.2
West Virginia,9/13/21,24.6
Wisconsin,9/13/21,17.2
Wyoming,9/13/21,21.5
Alabama,9/27/21,23
Alaska,9/27/21,28.3
Arizona,9/27/21,23.2
Arkansas,9/27/21,29.7
California,9/27/21,24.6
Colorado,9/27/21,21.1
Connecticut,9/27/21,18.1
Delaware,9/27/21,25.5
District of Columbia,9/27/21,16.5
Florida,9/27/21,22.9
Georgia,9/27/21,21.6
Hawaii,9/27/21,26.5
Idaho,9/27/21,21.3
Illinois,9/27/21,20.5
Indiana,9/27/21,20.5
Iowa,9/27/21,18.9
Kansas,9/27/21,25.6
Kentucky,9/27/21,18.9
Louisiana,9/27/21,30.6
Maine,9/27/21,18.1
Maryland,9/27/21,20.9
Massachusetts,9/27/21,16.3
Michigan,9/27/21,18.4
Minnesota,9/27/21,16.5
Mississippi,9/27/21,28.2
Missouri,9/27/21,30.3
Montana,9/27/21,25.1
Nebraska,9/27/21,15.6
Nevada,9/27/21,26.5
New Hampshire,9/27/21,17
New Jersey,9/27/21,20.6
New Mexico,9/27/21,25.6
New York,9/27/21,23.6
North Carolina,9/27/21,21.4
North Dakota,9/27/21,18.1
Ohio,9/27/21,17.7
Oklahoma,9/27/21,30.2
Oregon,9/27/21,23.8
Pennsylvania,9/27/21,20.1
Rhode Island,9/27/21,18.3
South Carolina,9/27/21,18.8
South Dakota,9/27/21,17
Tennessee,9/27/21,26.4
Texas,9/27/21,23.4
Utah,9/27/21,25.6
Vermont,9/27/21,15.3
Virginia,9/27/21,20.6
Washington,9/27/21,23.6
West Virginia,9/27/21,25.4
Wisconsin,9/27/21,19.3
Wyoming,9/27/21,17.5
Alabama,10/11/21,24.4
Alaska,10/11/21,28
Arizona,10/11/21,23.2
Arkansas,10/11/21,26.7
California,10/11/21,20.5
Colorado,10/11/21,23
Connecticut,10/11/21,19.2
Delaware,10/11/21,20
District of Columbia,10/11/21,26.2
Florida,10/11/21,20.9
Georgia,10/11/21,24.6
Hawaii,10/11/21,23.2
Idaho,10/11/21,21.6
Illinois,10/11/21,20.5
Indiana,10/11/21,20.7
Iowa,10/11/21,19.7
Kansas,10/11/21,18.9
Kentucky,10/11/21,28.6
Louisiana,10/11/21,24.3
Maine,10/11/21,18.1
Maryland,10/11/21,20.7
Massachusetts,10/11/21,22
Michigan,10/11/21,20.2
Minnesota,10/11/21,14.5
Mississippi,10/11/21,22.7
Missouri,10/11/21,23.9
Montana,10/11/21,20.7
Nebraska,10/11/21,23.4
Nevada,10/11/21,22.1
New Hampshire,10/11/21,14.8
New Jersey,10/11/21,20.6
New Mexico,10/11/21,22.7
New York,10/11/21,20.6
North Carolina,10/11/21,27.4
North Dakota,10/11/21,23.8
Ohio,10/11/21,17.2
Oklahoma,10/11/21,27.3
Oregon,10/11/21,22.5
Pennsylvania,10/11/21,24
Rhode Island,10/11/21,22.6
South Carolina,10/11/21,21
South Dakota,10/11/21,14.8
Tennessee,10/11/21,24.7
Texas,10/11/21,24.7
Utah,10/11/21,22.6
Vermont,10/11/21,27
Virginia,10/11/21,18.3
Washington,10/11/21,23.1
West Virginia,10/11/21,22.7
Wisconsin,10/11/21,14.1
Wyoming,10/11/21,19.7
Alabama,12/13/21,26.2
Alaska,12/13/21,22.5
Arizona,12/13/21,22.4
Arkansas,12/13/21,25.1
California,12/13/21,21.5
Colorado,12/13/21,22.2
Connecticut,12/13/21,21.1
Delaware,12/13/21,16.3
District of Columbia,12/13/21,20.7
Florida,12/13/21,19.3
Georgia,12/13/21,22.4
Hawaii,12/13/21,22.1
Idaho,12/13/21,22.1
Illinois,12/13/21,18
Indiana,12/13/21,21.7
Iowa,12/13/21,20.7
Kansas,12/13/21,21.6
Kentucky,12/13/21,28.2
Louisiana,12/13/21,25.5
Maine,12/13/21,20
Maryland,12/13/21,19.5
Massachusetts,12/13/21,20.4
Michigan,12/13/21,22.4
Minnesota,12/13/21,17.9
Mississippi,12/13/21,23.2
Missouri,12/13/21,22.1
Montana,12/13/21,17.8
Nebraska,12/13/21,17.7
Nevada,12/13/21,27.4
New Hampshire,12/13/21,21.1
New Jersey,12/13/21,18.7
New Mexico,12/13/21,26.9
New York,12/13/21,23.1
North Carolina,12/13/21,21.2
North Dakota,12/13/21,21.1
Ohio,12/13/21,20.3
Oklahoma,12/13/21,28.2
Oregon,12/13/21,25.9
Pennsylvania,12/13/21,19.2
Rhode Island,12/13/21,19.3
South Carolina,12/13/21,18.1
South Dakota,12/13/21,17.3
Tennessee,12/13/21,20.3
Texas,12/13/21,21.2
Utah,12/13/21,22.6
Vermont,12/13/21,18.8
Virginia,12/13/21,22.4
Washington,12/13/21,23.7
West Virginia,12/13/21,25.2
Wisconsin,12/13/21,18
Wyoming,12/13/21,24.2
Alabama,1/10/22,25.9
Alaska,1/10/22,21.6
Arizona,1/10/22,22.6
Arkansas,1/10/22,31.4
California,1/10/22,22.3
Colorado,1/10/22,21.1
Connecticut,1/10/22,22.3
Delaware,1/10/22,21.5
District of Columbia,1/10/22,20.9
Florida,1/10/22,24.5
Georgia,1/10/22,21.8
Hawaii,1/10/22,23.8
Idaho,1/10/22,21
Illinois,1/10/22,19
Indiana,1/10/22,24.1
Iowa,1/10/22,19.1
Kansas,1/10/22,20
Kentucky,1/10/22,24.8
Louisiana,1/10/22,24
Maine,1/10/22,20.7
Maryland,1/10/22,18.5
Massachusetts,1/10/22,20.6
Michigan,1/10/22,24.1
Minnesota,1/10/22,18.6
Mississippi,1/10/22,26.4
Missouri,1/10/22,25.3
Montana,1/10/22,21.8
Nebraska,1/10/22,23.7
Nevada,1/10/22,28.8
New Hampshire,1/10/22,21
New Jersey,1/10/22,22.2
New Mexico,1/10/22,26.7
New York,1/10/22,21.1
North Carolina,1/10/22,20.1
North Dakota,1/10/22,19
Ohio,1/10/22,24.6
Oklahoma,1/10/22,26.7
Oregon,1/10/22,25.8
Pennsylvania,1/10/22,21
Rhode Island,1/10/22,26.7
South Carolina,1/10/22,23.1
South Dakota,1/10/22,22.2
Tennessee,1/10/22,24.6
Texas,1/10/22,25
Utah,1/10/22,23.6
Vermont,1/10/22,22.1
Virginia,1/10/22,23.4
Washington,1/10/22,21.4
West Virginia,1/10/22,25.9
Wisconsin,1/10/22,20.1
Wyoming,1/10/22,22.8
Alabama,2/7/22,26.1
Alaska,2/7/22,24.6
Arizona,2/7/22,20.9
Arkansas,2/7/22,24.5
California,2/7/22,23.3
Colorado,2/7/22,20
Connecticut,2/7/22,23
Delaware,2/7/22,20.7
District of Columbia,2/7/22,16.2
Florida,2/7/22,21.7
Georgia,2/7/22,23.2
Hawaii,2/7/22,21.2
Idaho,2/7/22,17
Illinois,2/7/22,23
Indiana,2/7/22,20.7
Iowa,2/7/22,15
Kansas,2/7/22,21.5
Kentucky,2/7/22,24.6
Louisiana,2/7/22,28.4
Maine,2/7/22,23.4
Maryland,2/7/22,23.2
Massachusetts,2/7/22,19
Michigan,2/7/22,21.7
Minnesota,2/7/22,17.3
Mississippi,2/7/22,26.2
Missouri,2/7/22,23.2
Montana,2/7/22,23
Nebraska,2/7/22,21.1
Nevada,2/7/22,29.6
New Hampshire,2/7/22,16.2
New Jersey,2/7/22,23.6
New Mexico,2/7/22,24.9
New York,2/7/22,20.5
North Carolina,2/7/22,18
North Dakota,2/7/22,21.2
Ohio,2/7/22,20.3
Oklahoma,2/7/22,25.1
Oregon,2/7/22,25
Pennsylvania,2/7/22,21.7
Rhode Island,2/7/22,20.7
South Carolina,2/7/22,20
South Dakota,2/7/22,16.9
Tennessee,2/7/22,25.5
Texas,2/7/22,23.2
Utah,2/7/22,19.8
Vermont,2/7/22,17.5
Virginia,2/7/22,21.4
Washington,2/7/22,22.6
West Virginia,2/7/22,27.4
Wisconsin,2/7/22,21.8
Wyoming,2/7/22,23.8
Alabama,3/14/22,26.4
Alaska,3/14/22,22.4
Arizona,3/14/22,25
Arkansas,3/14/22,28.4
California,3/14/22,22.7
Colorado,3/14/22,18.8
Connecticut,3/14/22,17.1
Delaware,3/14/22,14.5
District of Columbia,3/14/22,19.8
Florida,3/14/22,19.8
Georgia,3/14/22,21.2
Hawaii,3/14/22,18.5
Idaho,3/14/22,18.3
Illinois,3/14/22,22.8
Indiana,3/14/22,20.8
Iowa,3/14/22,21.3
Kansas,3/14/22,21.4
Kentucky,3/14/22,23.1
Louisiana,3/14/22,26.1
Maine,3/14/22,19.4
Maryland,3/14/22,18.3
Massachusetts,3/14/22,19.8
Michigan,3/14/22,19.2
Minnesota,3/14/22,19.2
Mississippi,3/14/22,27.6
Missouri,3/14/22,22.3
Montana,3/14/22,15.8
Nebraska,3/14/22,20.9
Nevada,3/14/22,23.1
New Hampshire,3/14/22,18.8
New Jersey,3/14/22,19.3
New Mexico,3/14/22,24
New York,3/14/22,20.5
North Carolina,3/14/22,21.5
North Dakota,3/14/22,18.6
Ohio,3/14/22,21.7
Oklahoma,3/14/22,24.6
Oregon,3/14/22,24.4
Pennsylvania,3/14/22,21.4
Rhode Island,3/14/22,16
South Carolina,3/14/22,17.3
South Dakota,3/14/22,18.8
Tennessee,3/14/22,20.6
Texas,3/14/22,25.9
Utah,3/14/22,22.5
Vermont,3/14/22,21.9
Virginia,3/14/22,20.3
Washington,3/14/22,21.3
West Virginia,3/14/22,24.6
Wisconsin,3/14/22,18.4
Wyoming,3/14/22,21
Alabama,4/11/22,21.1
Alaska,4/11/22,20.2
Arizona,4/11/22,18.3
Arkansas,4/11/22,20.8
California,4/11/22,21.1
Colorado,4/11/22,21.2
Connecticut,4/11/22,16
Delaware,4/11/22,17.5
District of Columbia,4/11/22,25.5
Florida,4/11/22,23.6
Georgia,4/11/22,22.9
Hawaii,4/11/22,19.9
Idaho,4/11/22,21
Illinois,4/11/22,23.4
Indiana,4/11/22,21.7
Iowa,4/11/22,20.7
Kansas,4/11/22,22.3
Kentucky,4/11/22,30
Louisiana,4/11/22,26.3
Maine,4/11/22,20.7
Maryland,4/11/22,21.2
Massachusetts,4/11/22,20.6
Michigan,4/11/22,19.1
Minnesota,4/11/22,16.6
Mississippi,4/11/22,25.5
Missouri,4/11/22,21.7
Montana,4/11/22,22.6
Nebraska,4/11/22,18.4
Nevada,4/11/22,23
New Hampshire,4/11/22,20.9
New Jersey,4/11/22,20.8
New Mexico,4/11/22,27
New York,4/11/22,19
North Carolina,4/11/22,21.8
North Dakota,4/11/22,21.2
Ohio,4/11/22,20.5
Oklahoma,4/11/22,26.1
Oregon,4/11/22,27.2
Pennsylvania,4/11/22,22
Rhode Island,4/11/22,20.1
South Carolina,4/11/22,19
South Dakota,4/11/22,22.2
Tennessee,4/11/22,19.9
Texas,4/11/22,24.4
Utah,4/11/22,22.2
Vermont,4/11/22,19.1
Virginia,4/11/22,19.8
Washington,4/11/22,19.4
West Virginia,4/11/22,34.9
Wisconsin,4/11/22,21
Wyoming,4/11/22,18.3
Alabama,5/9/22,23.1
Alaska,5/9/22,23.8
Arizona,5/9/22,20.4
Arkansas,5/9/22,20.4
California,5/9/22,23.9
Colorado,5/9/22,15.9
Connecticut,5/9/22,19.5
Delaware,5/9/22,14.9
District of Columbia,5/9/22,17.8
Florida,5/9/22,20.5
Georgia,5/9/22,21.3
Hawaii,5/9/22,15.5
Idaho,5/9/22,22.3
Illinois,5/9/22,18
Indiana,5/9/22,21.8
Iowa,5/9/22,19
Kansas,5/9/22,18.8
Kentucky,5/9/22,25
Louisiana,5/9/22,20
Maine,5/9/22,19.5
Maryland,5/9/22,17.4
Massachusetts,5/9/22,21.1
Michigan,5/9/22,22.3
Minnesota,5/9/22,19
Mississippi,5/9/22,28.1
Missouri,5/9/22,22.9
Montana,5/9/22,19.6
Nebraska,5/9/22,19
Nevada,5/9/22,22.4
New Hampshire,5/9/22,21.6
New Jersey,5/9/22,21.2
New Mexico,5/9/22,24.2
New York,5/9/22,25.5
North Carolina,5/9/22,20.8
North Dakota,5/9/22,20.5
Ohio,5/9/22,18.8
Oklahoma,5/9/22,30.3
Oregon,5/9/22,21.7
Pennsylvania,5/9/22,23.4
Rhode Island,5/9/22,15.7
South Carolina,5/9/22,22.6
South Dakota,5/9/22,14.6
Tennessee,5/9/22,22.9
Texas,5/9/22,25.9
Utah,5/9/22,24.8
Vermont,5/9/22,18.3
Virginia,5/9/22,19.3
Washington,5/9/22,23.2
West Virginia,5/9/22,23.8
Wisconsin,5/9/22,19.2
Wyoming,5/9/22,18.7
Alabama,6/13/22,28.8
Alaska,6/13/22,21.6
Arizona,6/13/22,25.6
Arkansas,6/13/22,26.2
California,6/13/22,24.9
Colorado,6/13/22,22.5
Connecticut,6/13/22,17.4
Delaware,6/13/22,19.5
District of Columbia,6/13/22,21.6
Florida,6/13/22,20.6
Georgia,6/13/22,22.9
Hawaii,6/13/22,17
Idaho,6/13/22,18.8
Illinois,6/13/22,17.6
Indiana,6/13/22,22.3
Iowa,6/13/22,25.3
Kansas,6/13/22,17.9
Kentucky,6/13/22,30.7
Louisiana,6/13/22,30
Maine,6/13/22,18.9
Maryland,6/13/22,21.5
Massachusetts,6/13/22,19.8
Michigan,6/13/22,18.4
Minnesota,6/13/22,18.1
Mississippi,6/13/22,32.7
Missouri,6/13/22,20.4
Montana,6/13/22,18.3
Nebraska,6/13/22,22.2
Nevada,6/13/22,30.2
New Hampshire,6/13/22,20.4
New Jersey,6/13/22,19
New Mexico,6/13/22,23.5
New York,6/13/22,18.2
North Carolina,6/13/22,24.9
North Dakota,6/13/22,19.8
Ohio,6/13/22,20.9
Oklahoma,6/13/22,25.4
Oregon,6/13/22,23.2
Pennsylvania,6/13/22,20.6
Rhode Island,6/13/22,20.3
South Carolina,6/13/22,25.6
South Dakota,6/13/22,17.4
Tennessee,6/13/22,26.3
Texas,6/13/22,24.8
Utah,6/13/22,24.7
Vermont,6/13/22,22.2
Virginia,6/13/22,20.4
Washington,6/13/22,20.4
West Virginia,6/13/22,27.1
Wisconsin,6/13/22,21.4
Wyoming,6/13/22,22.1